PR,URL,Title,Content type,Is rendered page,HTTP status code,Organic traffic,Depth,Meta description,Meta description patch,Meta description patch status,Meta description length,No. of meta descriptions,Is indexable page
26,https://helpmyimg.com/zh/,HelpMyIMG | 所有图像工具尽在一处,text/html; charset=utf-8,false,200,0,0,直接在浏览器中组合、分割、压缩、转换和处理照片。通过 WebAssembly 100% 离线。免费、无限制且高度安全。,,,59,1,true
26,https://helpmyimg.com/ko/,HelpMyIMG | 모든 이미지 도구 한 곳에서,text/html; charset=utf-8,false,200,0,0,"브라우저에서 직접 사진을 결합, 분할, 압축, 변환 및 처리합니다. WebAssembly를 통해 100% 오프라인. 무료이며 무제한이며 매우 안전합니다.",,,85,1,true
26,https://helpmyimg.com/ja/,HelpMyIMG | 画像ツールが全部一か所に,text/html; charset=utf-8,false,200,0,0,ブラウザ内で写真を直接結合、分割、圧縮、変換、処理できます。 WebAssembly 経由で 100% オフライン。無料、無制限、そして非常に安全です。,,,76,1,true
21,https://helpmyimg.com/zh/xuanzhuan-tupian/,专业级一站式批量图像处理与摄影工作室 - HelpMyIMG,text/html; charset=utf-8,false,200,0,0,直接在浏览器中组合、分割、压缩、转换和处理照片。通过 WebAssembly 100% 离线。免费、无限制且高度安全。,,,59,1,true
21,https://helpmyimg.com/zh/zhuanhuan-tupian/,转换 WEBP to JPG 免费 - HelpMyIMG,text/html; charset=utf-8,false,200,0,0,直接在浏览器中组合、分割、压缩、转换和处理照片。通过 WebAssembly 100% 离线。免费、无限制且高度安全。,,,59,1,true
21,https://helpmyimg.com/ko/baegyeong-byeongyeong/,생체 인식 여권 사진 배경 색상 체인저 온라인 - HelpMyIMG,text/html; charset=utf-8,false,200,0,0,"브라우저에서 직접 사진을 결합, 분할, 압축, 변환 및 처리합니다. WebAssembly를 통해 100% 오프라인. 무료이며 무제한이며 매우 안전합니다.",,,85,1,true
21,https://helpmyimg.com/ja/haikei-sakuzyo/,✂️ 背景自動切り抜き - HelpMyIMG,text/html; charset=utf-8,false,200,0,0,ブラウザ内で写真を直接結合、分割、圧縮、変換、処理できます。 WebAssembly 経由で 100% オフライン。無料、無制限、そして非常に安全です。,,,76,1,true
21,https://helpmyimg.com/zh/removelogo/,从徽标中删除背景 免费 - 透明 PNG 制作工具 - HelpMyIMG,text/html; charset=utf-8,false,200,0,0,直接在浏览器中组合、分割、压缩、转换和处理照片。通过 WebAssembly 100% 离线。免费、无限制且高度安全。,,,59,1,true
21,https://helpmyimg.com/ko/imiji-byeonhwan/,변환 WEBP to JPG 무료 - HelpMyIMG,text/html; charset=utf-8,false,200,0,0,"브라우저에서 직접 사진을 결합, 분할, 압축, 변환 및 처리합니다. WebAssembly를 통해 100% 오프라인. 무료이며 무제한이며 매우 안전합니다.",,,85,1,true
21,https://helpmyimg.com/ja/webpjpg/,WEBP を JPG に無料で変換 - 画像コンバーター - HelpMyIMG,text/html; charset=utf-8,false,200,0,0,ブラウザ内で写真を直接結合、分割、圧縮、変換、処理できます。 WebAssembly 経由で 100% オフライン。無料、無制限、そして非常に安全です。,,,76,1,true
21,https://helpmyimg.com/zh/quchu-beijing/,✂️ AI 智能抠图 - HelpMyIMG,text/html; charset=utf-8,false,200,0,0,直接在浏览器中组合、分割、压缩、转换和处理照片。通过 WebAssembly 100% 离线。免费、无限制且高度安全。,,,59,1,true
21,https://helpmyimg.com/ja/gazo-ri-saizu/,サイズ変更 画像 to 4x6 無料 - HelpMyIMG,text/html; charset=utf-8,false,200,0,0,ブラウザ内で写真を直接結合、分割、圧縮、変換、処理できます。 WebAssembly 経由で 100% オフライン。無料、無制限、そして非常に安全です。,,,76,1,true
21,https://helpmyimg.com/ko/imiji-keugi-jojeong/,크기 조정 이미지 to 4x6 무료 - HelpMyIMG,text/html; charset=utf-8,false,200,0,0,"브라우저에서 직접 사진을 결합, 분할, 압축, 변환 및 처리합니다. WebAssembly를 통해 100% 오프라인. 무료이며 무제한이며 매우 안전합니다.",,,85,1,true
21,https://helpmyimg.com/zh/convertwebp/,免费将 WEBP 转换为 JPG - 图像转换器 - HelpMyIMG,text/html; charset=utf-8,false,200,0,0,直接在浏览器中组合、分割、压缩、转换和处理照片。通过 WebAssembly 100% 离线。免费、无限制且高度安全。,,,59,1,true
21,https://helpmyimg.com/ja/gazo-asshuku-100kb/,画像をオンラインで無料で 100KB に圧縮 - 高速かつプライベート - HelpMyIMG,text/html; charset=utf-8,false,200,0,0,ブラウザ内で写真を直接結合、分割、圧縮、変換、処理できます。 WebAssembly 経由で 100% オフライン。無料、無制限、そして非常に安全です。,,,76,1,true
21,https://helpmyimg.com/ko/change-photo-background-to-white/,사진 배경을 흰색으로 변경 - Amazon 및 전자상거래 지원 - HelpMyIMG,text/html; charset=utf-8,false,200,0,0,"브라우저에서 직접 사진을 결합, 분할, 압축, 변환 및 처리합니다. WebAssembly를 통해 100% 오프라인. 무료이며 무제한이며 매우 안전합니다.",,,85,1,true
21,https://helpmyimg.com/zh/removeperson/,从照片中删除人物 - 免费照片炸弹橡皮擦 - HelpMyIMG,text/html; charset=utf-8,false,200,0,0,直接在浏览器中组合、分割、压缩、转换和处理照片。通过 WebAssembly 100% 离线。免费、无限制且高度安全。,,,59,1,true
21,https://helpmyimg.com/ko/200kb/,이미지를 200KB로 압축 - 고품질 감속기 - HelpMyIMG,text/html; charset=utf-8,false,200,0,0,"브라우저에서 직접 사진을 결합, 분할, 압축, 변환 및 처리합니다. WebAssembly를 통해 100% 오프라인. 무료이며 무제한이며 매우 안전합니다.",,,85,1,true
21,https://helpmyimg.com/zh/yasuo-tupian/,压缩 图片 to 200KB 免费 - HelpMyIMG,text/html; charset=utf-8,false,200,0,0,直接在浏览器中组合、分割、压缩、转换和处理照片。通过 WebAssembly 100% 离线。免费、无限制且高度安全。,,,59,1,true
21,https://helpmyimg.com/zh/caijian-tupian/,专业级一站式批量图像处理与摄影工作室 - HelpMyIMG,text/html; charset=utf-8,false,200,0,0,直接在浏览器中组合、分割、压缩、转换和处理照片。通过 WebAssembly 100% 离线。免费、无限制且高度安全。,,,59,1,true
21,https://helpmyimg.com/ko/woteomakeu/,©️ 내 이미지 워터마크 - HelpMyIMG,text/html; charset=utf-8,false,200,0,0,"브라우저에서 직접 사진을 결합, 분할, 압축, 변환 및 처리합니다. WebAssembly를 통해 100% 오프라인. 무료이며 무제한이며 매우 안전합니다.",,,85,1,true
21,https://helpmyimg.com/ko/blur-license-plate/,온라인으로 번호판 흐리게 처리 - 자동 개인정보 보호 센서 - HelpMyIMG,text/html; charset=utf-8,false,200,0,0,"브라우저에서 직접 사진을 결합, 분할, 압축, 변환 및 처리합니다. WebAssembly를 통해 100% 오프라인. 무료이며 무제한이며 매우 안전합니다.",,,85,1,true
21,https://helpmyimg.com/ja/resize-photo-to-passport-size/,写真のサイズをパスポートサイズに変更 - ビザとIDメーカー - HelpMyIMG,text/html; charset=utf-8,false,200,0,0,ブラウザ内で写真を直接結合、分割、圧縮、変換、処理できます。 WebAssembly 経由で 100% オフライン。無料、無制限、そして非常に安全です。,,,76,1,true
21,https://helpmyimg.com/ko/imiji-abchuk-100kb/,온라인에서 무료로 이미지를 100KB로 압축 - 빠르고 비공개 - HelpMyIMG,text/html; charset=utf-8,false,200,0,0,"브라우저에서 직접 사진을 결합, 분할, 압축, 변환 및 처리합니다. WebAssembly를 통해 100% 오프라인. 무료이며 무제한이며 매우 안전합니다.",,,85,1,true
21,https://helpmyimg.com/ko/eolgul-beulleo/,전문가용 올인원 포토 스튜디오 & 대량 편집기 - HelpMyIMG,text/html; charset=utf-8,false,200,0,0,"브라우저에서 직접 사진을 결합, 분할, 압축, 변환 및 처리합니다. WebAssembly를 통해 100% 오프라인. 무료이며 무제한이며 매우 안전합니다.",,,85,1,true
21,https://helpmyimg.com/ko/imiji-abchuk-50kb/,이미지를 50KB로 압축 - 스마트 WebGPU 압축 - HelpMyIMG,text/html; charset=utf-8,false,200,0,0,"브라우저에서 직접 사진을 결합, 분할, 압축, 변환 및 처리합니다. WebAssembly를 통해 100% 오프라인. 무료이며 무제한이며 매우 안전합니다.",,,85,1,true
21,https://helpmyimg.com/ko/webp-jpg/,무료로 WEBP를 JPG로 변환 - 이미지 변환기 - HelpMyIMG,text/html; charset=utf-8,false,200,0,0,"브라우저에서 직접 사진을 결합, 분할, 압축, 변환 및 처리합니다. WebAssembly를 통해 100% 오프라인. 무료이며 무제한이며 매우 안전합니다.",,,85,1,true
21,https://helpmyimg.com/ko/batch-watermark-photos/,일괄 워터마크 사진 - 대량 로고 추가기 - HelpMyIMG,text/html; charset=utf-8,false,200,0,0,"브라우저에서 직접 사진을 결합, 분할, 압축, 변환 및 처리합니다. WebAssembly를 통해 100% 오프라인. 무료이며 무제한이며 매우 안전합니다.",,,85,1,true
21,https://helpmyimg.com/ko/dijain-editeo/,전문가용 올인원 포토 스튜디오 & 대량 편집기 - HelpMyIMG,text/html; charset=utf-8,false,200,0,0,"브라우저에서 직접 사진을 결합, 분할, 압축, 변환 및 처리합니다. WebAssembly를 통해 100% 오프라인. 무료이며 무제한이며 매우 안전합니다.",,,85,1,true
21,https://helpmyimg.com/zh/tiaozheng-ins-chicun/,在线调整 Instagram 图像大小 - 无需裁剪 - HelpMyIMG,text/html; charset=utf-8,false,200,0,0,直接在浏览器中组合、分割、压缩、转换和处理照片。通过 WebAssembly 100% 离线。免费、无限制且高度安全。,,,59,1,true
21,https://helpmyimg.com/ko/saek-chuchul/,전문가용 올인원 포토 스튜디오 & 대량 편집기 - HelpMyIMG,text/html; charset=utf-8,false,200,0,0,"브라우저에서 직접 사진을 결합, 분할, 압축, 변환 및 처리합니다. WebAssembly를 통해 100% 오프라인. 무료이며 무제한이며 매우 안전합니다.",,,85,1,true
21,https://helpmyimg.com/ja/remove-person-from-photo/,写真から人物を削除 - 無料の Photobomb Eraser - HelpMyIMG,text/html; charset=utf-8,false,200,0,0,ブラウザ内で写真を直接結合、分割、圧縮、変換、処理できます。 WebAssembly 経由で 100% オフライン。無料、無制限、そして非常に安全です。,,,76,1,true
21,https://helpmyimg.com/ko/resize-photo-to-passport-size/,여권 크기에 맞게 사진 크기 조정 - Visa & ID Maker - HelpMyIMG,text/html; charset=utf-8,false,200,0,0,"브라우저에서 직접 사진을 결합, 분할, 압축, 변환 및 처리합니다. WebAssembly를 통해 100% 오프라인. 무료이며 무제한이며 매우 안전합니다.",,,85,1,true
21,https://helpmyimg.com/zh/yanse-xuanze/,专业级一站式批量图像处理与摄影工作室 - HelpMyIMG,text/html; charset=utf-8,false,200,0,0,直接在浏览器中组合、分割、压缩、转换和处理照片。通过 WebAssembly 100% 离线。免费、无限制且高度安全。,,,59,1,true
21,https://helpmyimg.com/ja/batch-watermark-photos/,ウォーターマーク写真のバッチ - 一括ロゴ追加 - HelpMyIMG,text/html; charset=utf-8,false,200,0,0,ブラウザ内で写真を直接結合、分割、圧縮、変換、処理できます。 WebAssembly 経由で 100% オフライン。無料、無制限、そして非常に安全です。,,,76,1,true
21,https://helpmyimg.com/zh/yasuo-tupian-100kb/,免费在线将图像压缩至 100KB - 快速且私密 - HelpMyIMG,text/html; charset=utf-8,false,200,0,0,直接在浏览器中组合、分割、压缩、转换和处理照片。通过 WebAssembly 100% 离线。免费、无限制且高度安全。,,,59,1,true
21,https://helpmyimg.com/ja/gazo-kaiten/,プロ仕様のオールインワン写真スタジオ - HelpMyIMG,text/html; charset=utf-8,false,200,0,0,ブラウザ内で写真を直接結合、分割、圧縮、変換、処理できます。 WebAssembly 経由で 100% オフライン。無料、無制限、そして非常に安全です。,,,76,1,true
21,https://helpmyimg.com/ja/gazo-henkan/,変換 WEBP to JPG 無料 - HelpMyIMG,text/html; charset=utf-8,false,200,0,0,ブラウザ内で写真を直接結合、分割、圧縮、変換、処理できます。 WebAssembly 経由で 100% オフライン。無料、無制限、そして非常に安全です。,,,76,1,true
21,https://helpmyimg.com/ko/baegyeong-jegeo/,✂️ 배경 제거 (누끼) - HelpMyIMG,text/html; charset=utf-8,false,200,0,0,"브라우저에서 직접 사진을 결합, 분할, 압축, 변환 및 처리합니다. WebAssembly를 통해 100% 오프라인. 무료이며 무제한이며 매우 안전합니다.",,,85,1,true
21,https://helpmyimg.com/zh/magic-brush/,手动修图画笔 - HelpMyIMG,text/html; charset=utf-8,false,200,0,0,直接在浏览器中组合、分割、压缩、转换和处理照片。通过 WebAssembly 100% 离线。免费、无限制且高度安全。,,,59,1,true
21,https://helpmyimg.com/ja/sukashi/,©️ 私の画像に透かしを入れる - HelpMyIMG,text/html; charset=utf-8,false,200,0,0,ブラウザ内で写真を直接結合、分割、圧縮、変換、処理できます。 WebAssembly 経由で 100% オフライン。無料、無制限、そして非常に安全です。,,,76,1,true
21,https://helpmyimg.com/ja/magic-brush/,手動補正ブラシ - HelpMyIMG,text/html; charset=utf-8,false,200,0,0,ブラウザ内で写真を直接結合、分割、圧縮、変換、処理できます。 WebAssembly 経由で 100% オフライン。無料、無制限、そして非常に安全です。,,,76,1,true
21,https://helpmyimg.com/ko/imiji-hoejeon/,전문가용 올인원 포토 스튜디오 & 대량 편집기 - HelpMyIMG,text/html; charset=utf-8,false,200,0,0,"브라우저에서 직접 사진을 결합, 분할, 압축, 변환 및 처리합니다. WebAssembly를 통해 100% 오프라인. 무료이며 무제한이며 매우 안전합니다.",,,85,1,true
21,https://helpmyimg.com/ja/gazo-asshuku/,圧縮 画像 to 200KB 無料 - HelpMyIMG,text/html; charset=utf-8,false,200,0,0,ブラウザ内で写真を直接結合、分割、圧縮、変換、処理できます。 WebAssembly 経由で 100% オフライン。無料、無制限、そして非常に安全です。,,,76,1,true
21,https://helpmyimg.com/ko/inseuta-imiji-keugi/,Instagram 온라인용 이미지 크기 조정 - 자르기 필요 없음 - HelpMyIMG,text/html; charset=utf-8,false,200,0,0,"브라우저에서 직접 사진을 결합, 분할, 압축, 변환 및 처리합니다. WebAssembly를 통해 100% 오프라인. 무료이며 무제한이며 매우 안전합니다.",,,85,1,true
21,https://helpmyimg.com/ja/remove-background-from-logo/,ロゴから背景を削除無料 - 透明PNGメーカー - HelpMyIMG,text/html; charset=utf-8,false,200,0,0,ブラウザ内で写真を直接結合、分割、圧縮、変換、処理できます。 WebAssembly 経由で 100% オフライン。無料、無制限、そして非常に安全です。,,,76,1,true
21,https://helpmyimg.com/ja/gazo-torimingu/,プロ仕様のオールインワン写真スタジオ - HelpMyIMG,text/html; charset=utf-8,false,200,0,0,ブラウザ内で写真を直接結合、分割、圧縮、変換、処理できます。 WebAssembly 経由で 100% オフライン。無料、無制限、そして非常に安全です。,,,76,1,true
21,https://helpmyimg.com/ko/remove-person-from-photo/,사진에서 사람 제거 - 무료 Photobomb Eraser - HelpMyIMG,text/html; charset=utf-8,false,200,0,0,"브라우저에서 직접 사진을 결합, 분할, 압축, 변환 및 처리합니다. WebAssembly를 통해 100% 오프라인. 무료이며 무제한이며 매우 안전합니다.",,,85,1,true
21,https://helpmyimg.com/ja/dezain-edita/,プロ仕様のオールインワン写真スタジオ - HelpMyIMG,text/html; charset=utf-8,false,200,0,0,ブラウザ内で写真を直接結合、分割、圧縮、変換、処理できます。 WebAssembly 経由で 100% オフライン。無料、無制限、そして非常に安全です。,,,76,1,true
21,https://helpmyimg.com/zh/yasuo-tupian-50kb/,将图像压缩至 50KB - 智能 WebGPU 压缩 - HelpMyIMG,text/html; charset=utf-8,false,200,0,0,直接在浏览器中组合、分割、压缩、转换和处理照片。通过 WebAssembly 100% 离线。免费、无限制且高度安全。,,,59,1,true
21,https://helpmyimg.com/ja/gazo-asshuku-50kb/,画像を 50KB に圧縮 - スマート WebGPU 圧縮 - HelpMyIMG,text/html; charset=utf-8,false,200,0,0,ブラウザ内で写真を直接結合、分割、圧縮、変換、処理できます。 WebAssembly 経由で 100% オフライン。無料、無制限、そして非常に安全です。,,,76,1,true
21,https://helpmyimg.com/ja/kao-bokashi/,プロ仕様のオールインワン写真スタジオ - HelpMyIMG,text/html; charset=utf-8,false,200,0,0,ブラウザ内で写真を直接結合、分割、圧縮、変換、処理できます。 WebAssembly 経由で 100% オフライン。無料、無制限、そして非常に安全です。,,,76,1,true
21,https://helpmyimg.com/ja/haikei-henko/,生体認証パスポート写真背景カラーチェンジャーオンライン - HelpMyIMG,text/html; charset=utf-8,false,200,0,0,ブラウザ内で写真を直接結合、分割、圧縮、変換、処理できます。 WebAssembly 経由で 100% オフライン。無料、無制限、そして非常に安全です。,,,76,1,true
21,https://helpmyimg.com/ja/blur-license-plate/,オンラインでナンバープレートをぼかす - 自動車プライバシーセンサー - HelpMyIMG,text/html; charset=utf-8,false,200,0,0,ブラウザ内で写真を直接結合、分割、圧縮、変換、処理できます。 WebAssembly 経由で 100% オフライン。無料、無制限、そして非常に安全です。,,,76,1,true
21,https://helpmyimg.com/zh/genghuan-beijing/,生物识别护照照片背景在线换色器 - HelpMyIMG,text/html; charset=utf-8,false,200,0,0,直接在浏览器中组合、分割、压缩、转换和处理照片。通过 WebAssembly 100% 离线。免费、无限制且高度安全。,,,59,1,true
21,https://helpmyimg.com/zh/shuiyin/,©️ 给我的图片加水印 - HelpMyIMG,text/html; charset=utf-8,false,200,0,0,直接在浏览器中组合、分割、压缩、转换和处理照片。通过 WebAssembly 100% 离线。免费、无限制且高度安全。,,,59,1,true
21,https://helpmyimg.com/ja/insutaguramu-ri-saizu/,Instagramオンライン用に画像のサイズを変更 - トリミングは必要ありません - HelpMyIMG,text/html; charset=utf-8,false,200,0,0,ブラウザ内で写真を直接結合、分割、圧縮、変換、処理できます。 WebAssembly 経由で 100% オフライン。無料、無制限、そして非常に安全です。,,,76,1,true
21,https://helpmyimg.com/ko/remove-background-from-logo/,로고에서 배경을 무료로 제거하세요 - Transparent PNG Maker - HelpMyIMG,text/html; charset=utf-8,false,200,0,0,"브라우저에서 직접 사진을 결합, 분할, 압축, 변환 및 처리합니다. WebAssembly를 통해 100% 오프라인. 무료이며 무제한이며 매우 안전합니다.",,,85,1,true
21,https://helpmyimg.com/zh/mohu-renlian/,专业级一站式批量图像处理与摄影工作室 - HelpMyIMG,text/html; charset=utf-8,false,200,0,0,直接在浏览器中组合、分割、压缩、转换和处理照片。通过 WebAssembly 100% 离线。免费、无限制且高度安全。,,,59,1,true
21,https://helpmyimg.com/zh/colorwhite/,将照片背景更改为白色 - 亚马逊和电子商​​​​务就绪 - HelpMyIMG,text/html; charset=utf-8,false,200,0,0,直接在浏览器中组合、分割、压缩、转换和处理照片。通过 WebAssembly 100% 离线。免费、无限制且高度安全。,,,59,1,true
21,https://helpmyimg.com/zh/tiaozheng-daxiao/,调整大小 图片 to 4x6 免费 - HelpMyIMG,text/html; charset=utf-8,false,200,0,0,直接在浏览器中组合、分割、压缩、转换和处理照片。通过 WebAssembly 100% 离线。免费、无限制且高度安全。,,,59,1,true
21,https://helpmyimg.com/zh/compress200kb/,将图像压缩至 200KB - 高质量减速器 - HelpMyIMG,text/html; charset=utf-8,false,200,0,0,直接在浏览器中组合、分割、压缩、转换和处理照片。通过 WebAssembly 100% 离线。免费、无限制且高度安全。,,,59,1,true
21,https://helpmyimg.com/zh/resizepassport/,将照片调整为护照尺寸 - 签证和身份证制作工具 - HelpMyIMG,text/html; charset=utf-8,false,200,0,0,直接在浏览器中组合、分割、压缩、转换和处理照片。通过 WebAssembly 100% 离线。免费、无限制且高度安全。,,,59,1,true
21,https://helpmyimg.com/ko/magic-brush/,수동 브러시 - HelpMyIMG,text/html; charset=utf-8,false,200,0,0,"브라우저에서 직접 사진을 결합, 분할, 압축, 변환 및 처리합니다. WebAssembly를 통해 100% 오프라인. 무료이며 무제한이며 매우 안전합니다.",,,85,1,true
21,https://helpmyimg.com/ja/iro-supotto/,プロ仕様のオールインワン写真スタジオ - HelpMyIMG,text/html; charset=utf-8,false,200,0,0,ブラウザ内で写真を直接結合、分割、圧縮、変換、処理できます。 WebAssembly 経由で 100% オフライン。無料、無制限、そして非常に安全です。,,,76,1,true
21,https://helpmyimg.com/zh/blurplate/,在线模糊车牌 - 汽车隐私审查 - HelpMyIMG,text/html; charset=utf-8,false,200,0,0,直接在浏览器中组合、分割、压缩、转换和处理照片。通过 WebAssembly 100% 离线。免费、无限制且高度安全。,,,59,1,true
21,https://helpmyimg.com/ja/200kb/,画像を 200KB に圧縮 - 高品質リデューサー - HelpMyIMG,text/html; charset=utf-8,false,200,0,0,ブラウザ内で写真を直接結合、分割、圧縮、変換、処理できます。 WebAssembly 経由で 100% オフライン。無料、無制限、そして非常に安全です。,,,76,1,true
21,https://helpmyimg.com/zh/gaoji-bianjiqi/,专业级一站式批量图像处理与摄影工作室 - HelpMyIMG,text/html; charset=utf-8,false,200,0,0,直接在浏览器中组合、分割、压缩、转换和处理照片。通过 WebAssembly 100% 离线。免费、无限制且高度安全。,,,59,1,true
21,https://helpmyimg.com/ja/change-photo-background-to-white/,写真の背景を白に変更 - Amazon & Eコマース対応 - HelpMyIMG,text/html; charset=utf-8,false,200,0,0,ブラウザ内で写真を直接結合、分割、圧縮、変換、処理できます。 WebAssembly 経由で 100% オフライン。無料、無制限、そして非常に安全です。,,,76,1,true
21,https://helpmyimg.com/ko/imiji-jareugi/,전문가용 올인원 포토 스튜디오 & 대량 편집기 - HelpMyIMG,text/html; charset=utf-8,false,200,0,0,"브라우저에서 직접 사진을 결합, 분할, 압축, 변환 및 처리합니다. WebAssembly를 통해 100% 오프라인. 무료이며 무제한이며 매우 안전합니다.",,,85,1,true
21,https://helpmyimg.com/zh/watermarkbulk/,批量水印照片 - 批量徽标添加器 - HelpMyIMG,text/html; charset=utf-8,false,200,0,0,直接在浏览器中组合、分割、压缩、转换和处理照片。通过 WebAssembly 100% 离线。免费、无限制且高度安全。,,,59,1,true
21,https://helpmyimg.com/ko/imiji-abchuk/,압축 이미지 to 200KB 무료 - HelpMyIMG,text/html; charset=utf-8,false,200,0,0,"브라우저에서 직접 사진을 결합, 분할, 압축, 변환 및 처리합니다. WebAssembly를 통해 100% 오프라인. 무료이며 무제한이며 매우 안전합니다.",,,85,1,true
20,https://helpmyimg.com/th/ra-kha/,ราคา - HelpMyIMG,text/html; charset=utf-8,false,200,0,0,การประมวลผลภาพระดับองค์กร ฟรีแน่นอน,,,35,1,true
20,https://helpmyimg.com/ko/bigyo/,비교하다 - HelpMyIMG,text/html; charset=utf-8,false,200,0,0,우리는 로컬에서 실행되도록 AI 이미지 처리를 처음부터 다시 구축했습니다. 클라우드가 더 이상 사용되지 않는 이유를 알아보세요.,,,71,1,true
20,https://helpmyimg.com/th/priab-thiab/,เปรียบเทียบ - HelpMyIMG,text/html; charset=utf-8,false,200,0,0,เราสร้างการประมวลผลภาพ AI ใหม่ตั้งแต่ต้นจนจบเพื่อทำงานในพื้นที่ ดูสาเหตุที่ระบบคลาวด์ล้าสมัย,,,92,1,true
20,https://helpmyimg.com/tl/presyo/,Pagpepresyo - HelpMyIMG,text/html; charset=utf-8,false,200,0,0,"Enterprise-grade image processing, ganap na libre.",,,50,1,true
20,https://helpmyimg.com/he/mehirim/,תמחור - HelpMyIMG,text/html; charset=utf-8,false,200,0,0,"עיבוד תמונה ברמה ארגונית, בחינם לחלוטין.",,,40,1,true
20,https://helpmyimg.com/de/preise/,Preise - HelpMyIMG,text/html; charset=utf-8,false,200,0,0,"Bildverarbeitung auf Unternehmensniveau, absolut kostenlos.",,,59,1,true
20,https://helpmyimg.com/ja/hikaku/,比較する - HelpMyIMG,text/html; charset=utf-8,false,200,0,0,AI 画像処理をローカルで実行できるように一から再構築しました。クラウドが時代遅れになった理由をご覧ください。,,,55,1,true
20,https://helpmyimg.com/ko/jaju-mutneun-jilmun/,FAQ - HelpMyIMG,text/html; charset=utf-8,false,200,0,0,"개인 정보 보호를 최우선으로 하는 AI 도구, 제한, 형식 및 브라우저에서 직접 작동하는 방식에 대해 알아야 할 모든 것입니다.",,,71,1,true
20,https://helpmyimg.com/en/compare/,Compare - HelpMyIMG,text/html; charset=utf-8,false,200,0,0,We rebuilt AI image processing from the ground up to run locally. See why the cloud is obsolete.,,,96,1,true
20,https://helpmyimg.com/tr/fiyatlar/,Fiyatlandırma - HelpMyIMG,text/html; charset=utf-8,false,200,0,0,"Kurumsal düzeyde görüntü işleme, tamamen ücretsizdir.",,,53,1,true
20,https://helpmyimg.com/ms/harga/,penetapan harga - HelpMyIMG,text/html; charset=utf-8,false,200,0,0,"Pemprosesan imej gred perusahaan, benar-benar percuma.",,,54,1,true
20,https://helpmyimg.com/zh/tiaokuan/,服务条款 - HelpMyIMG,text/html; charset=utf-8,false,200,0,0,欢迎来到 HelpMyIMG。通过访问或使用我们的网站、工具和服务，您同意受这些服务条款的约束。请仔细阅读它们，因为它们管辖您的合法权利和义务。,,,72,1,true
20,https://helpmyimg.com/ja/yoku-aru-shitsumon/,よくある質問 - HelpMyIMG,text/html; charset=utf-8,false,200,0,0,プライバシー最優先の AI ツール、制限、形式、およびそれらがブラウザーで直接動作する方法について知っておくべきすべてのこと。,,,63,1,true
20,https://helpmyimg.com/pt/precos/,Preços - HelpMyIMG,text/html; charset=utf-8,false,200,0,0,"Processamento de imagens de nível empresarial, totalmente gratuito.",,,67,1,true
20,https://helpmyimg.com/zh/jiage/,定价 - HelpMyIMG,text/html; charset=utf-8,false,200,0,0,企业级图像处理，完全免费。,,,13,1,true
20,https://helpmyimg.com/nl/prijzen/,Prijzen - HelpMyIMG,text/html; charset=utf-8,false,200,0,0,"Beeldverwerking op bedrijfsniveau, helemaal gratis.",,,51,1,true
20,https://helpmyimg.com/he/hashvaa/,לְהַשְׁווֹת - HelpMyIMG,text/html; charset=utf-8,false,200,0,0,בנינו מחדש את עיבוד התמונה בינה מלאכותית מהיסוד להפעלה מקומית. ראה מדוע הענן מיושן.,,,83,1,true
20,https://helpmyimg.com/ja/kakaku/,価格設定 - HelpMyIMG,text/html; charset=utf-8,false,200,0,0,エンタープライズグレードの画像処理を完全無料で。,,,24,1,true
20,https://helpmyimg.com/pl/ceny/,Wycena - HelpMyIMG,text/html; charset=utf-8,false,200,0,0,"Przetwarzanie obrazu klasy korporacyjnej, całkowicie bezpłatnie.",,,64,1,true
20,https://helpmyimg.com/no/sammenlign/,Sammenligne - HelpMyIMG,text/html; charset=utf-8,false,200,0,0,Vi bygde om AI-bildebehandling fra grunnen til å kjøre lokalt. Se hvorfor skyen er foreldet.,,,92,1,true
20,https://helpmyimg.com/uk/porivnyaty/,Порівняйте - HelpMyIMG,text/html; charset=utf-8,false,200,0,0,"Ми перебудували обробку зображень ШІ з нуля для локальної роботи. Подивіться, чому хмара застаріла.",,,99,1,true
20,https://helpmyimg.com/ro/preturi/,Prețuri - HelpMyIMG,text/html; charset=utf-8,false,200,0,0,"Procesare de imagine la nivel de întreprindere, absolut gratuită.",,,65,1,true
20,https://helpmyimg.com/ko/gagyeok/,가격 - HelpMyIMG,text/html; charset=utf-8,false,200,0,0,엔터프라이즈급 이미지 처리는 완전 무료입니다.,,,25,1,true
20,https://helpmyimg.com/hi/keemat/,मूल्य निर्धारण - HelpMyIMG,text/html; charset=utf-8,false,200,0,0,"एंटरप्राइज-ग्रेड इमेज प्रोसेसिंग, बिल्कुल मुफ्त।",,,48,1,true
20,https://helpmyimg.com/it/prezzi/,Prezzi - HelpMyIMG,text/html; charset=utf-8,false,200,0,0,"Elaborazione delle immagini di livello aziendale, assolutamente gratuita.",,,73,1,true
20,https://helpmyimg.com/ar/asear/,التسعير - HelpMyIMG,text/html; charset=utf-8,false,200,0,0,معالجة الصور على مستوى المؤسسات، مجانية تمامًا.,,,47,1,true
20,https://helpmyimg.com/fr/tarifs/,Tarifs - HelpMyIMG,text/html; charset=utf-8,false,200,0,0,"Traitement d’images de niveau entreprise, absolument gratuit.",,,61,1,true
20,https://helpmyimg.com/vi/bang-gia/,Định giá - HelpMyIMG,text/html; charset=utf-8,false,200,0,0,"Xử lý hình ảnh cấp doanh nghiệp, hoàn toàn miễn phí.",,,52,1,true
20,https://helpmyimg.com/da/priser/,Prissætning - HelpMyIMG,text/html; charset=utf-8,false,200,0,0,"Billedbehandling i virksomhedskvalitet, helt gratis.",,,52,1,true
20,https://helpmyimg.com/zh/yuyan/,支持的语言 - HelpMyIMG,text/html; charset=utf-8,false,200,0,0,我们相信强大的人工智能应该为世界各地的每个人提供便利。这就是 HelpMyIMG 原生本地化为 30 种不同语言的原因。,,,60,1,true
20,https://helpmyimg.com/zh/changjian-wenti/,常问问题 - HelpMyIMG,text/html; charset=utf-8,false,200,0,0,您需要了解的有关我们隐私优先的人工智能工具、限制、格式以及它们如何直接在您的浏览器中工作的所有信息。,,,50,1,true
20,https://helpmyimg.com/zh/anquan/,安全与信任 - HelpMyIMG,text/html; charset=utf-8,false,200,0,0,体验由本地 WebAssembly 提供支持的 100% 私密 AI 图像编辑。我们无法查看、存储或出售您的照片，因为它们永远不会到达我们的服务器。,,,74,1,true
20,https://helpmyimg.com/uk/tsiny/,Ціноутворення - HelpMyIMG,text/html; charset=utf-8,false,200,0,0,Абсолютно безкоштовна обробка зображень корпоративного рівня.,,,61,1,true
20,https://helpmyimg.com/no/priser/,Prissetting - HelpMyIMG,text/html; charset=utf-8,false,200,0,0,"Enterprise-grade bildebehandling, helt gratis.",,,46,1,true
20,https://helpmyimg.com/zh/guanyu/,关于我们 - HelpMyIMG,text/html; charset=utf-8,false,200,0,0,我们认为强大的人工智能不应该被锁定在昂贵的付费墙或侵犯隐私的云服务器后面。 HelpMyIMG 是世界上最快、100% 离线、隐私第一的 AI 图像编辑器，完全在浏览器内运行。,,,88,1,true
20,https://helpmyimg.com/hu/arak/,Árképzés - HelpMyIMG,text/html; charset=utf-8,false,200,0,0,"Vállalati szintű képfeldolgozás, teljesen ingyenes.",,,51,1,true
20,https://helpmyimg.com/da/sammenlign/,Sammenligne - HelpMyIMG,text/html; charset=utf-8,false,200,0,0,"Vi genopbyggede AI-billedbehandling fra bunden til at køre lokalt. Se, hvorfor skyen er forældet.",,,97,1,true
20,https://helpmyimg.com/el/times/,Τιμολόγηση - HelpMyIMG,text/html; charset=utf-8,false,200,0,0,"Επεξεργασία εικόνας εταιρικής ποιότητας, εντελώς δωρεάν.",,,56,1,true
20,https://helpmyimg.com/en/pricing/,Pricing - HelpMyIMG,text/html; charset=utf-8,false,200,0,0,"Enterprise-grade image processing, absolutely free.",,,51,1,true
20,https://helpmyimg.com/sv/priser/,Prissättning - HelpMyIMG,text/html; charset=utf-8,false,200,0,0,"Bildbehandling i företagsklass, helt gratis.",,,44,1,true
20,https://helpmyimg.com/es/precios/,Precios - HelpMyIMG,text/html; charset=utf-8,false,200,0,0,"Procesamiento de imágenes de nivel empresarial, totalmente gratuito.",,,68,1,true
20,https://helpmyimg.com/ja/gengo/,サポートされている言語 - HelpMyIMG,text/html; charset=utf-8,false,200,0,0,私たちは、強力な AI がどこにいても誰でもアクセスできるべきだと信じています。そのため、HelpMyIMG は 30 の異なる言語にネイティブでローカライズされています。,,,86,1,true
20,https://helpmyimg.com/sv/jamfor/,Jämföra - HelpMyIMG,text/html; charset=utf-8,false,200,0,0,Vi byggde om AI-bildbehandling från grunden för att köras lokalt. Se varför molnet är föråldrat.,,,96,1,true
20,https://helpmyimg.com/zh/yinsi/,隐私政策 - HelpMyIMG,text/html; charset=utf-8,false,200,0,0,在 HelpMyIMG，我们认为隐私是一项基本人权。本隐私政策在数据收集方面非常简短，因为我们几乎不故意收集任何信息。以下是我们的架构如何保护您的详细说明。,,,78,1,true
20,https://helpmyimg.com/ko/eoneo/,지원되는 언어 - HelpMyIMG,text/html; charset=utf-8,false,200,0,0,우리는 강력한 AI가 모든 사람이 어디서나 접근할 수 있어야 한다고 믿습니다. 이것이 바로 HelpMyIMG가 기본적으로 30개 언어로 현지화되어 있는 이유입니다.,,,91,1,true
20,https://helpmyimg.com/fi/hinnat/,Hinnoittelu - HelpMyIMG,text/html; charset=utf-8,false,200,0,0,"Yritystason kuvankäsittely, täysin ilmainen.",,,44,1,true
20,https://helpmyimg.com/id/harga/,Harga - HelpMyIMG,text/html; charset=utf-8,false,200,0,0,"Pemrosesan gambar tingkat perusahaan, benar-benar gratis.",,,57,1,true
20,https://helpmyimg.com/zh/bijiao/,比较 - HelpMyIMG,text/html; charset=utf-8,false,200,0,0,我们从头开始重建人工智能图像处理以在本地运行。了解云为何已过时。,,,32,1,true
20,https://helpmyimg.com/cs/ceny/,Ceny - HelpMyIMG,text/html; charset=utf-8,false,200,0,0,"Zpracování obrazu na podnikové úrovni, zcela zdarma.",,,52,1,true
20,https://helpmyimg.com/ru/tseny/,Цены - HelpMyIMG,text/html; charset=utf-8,false,200,0,0,Обработка изображений корпоративного уровня абсолютно бесплатна.,,,64,1,true
20,https://helpmyimg.com/ja/sekyuriti/,セキュリティと信頼 - HelpMyIMG,text/html; charset=utf-8,false,200,0,0,ローカル WebAssembly を利用した 100% プライベート AI 画像編集を体験してください。写真は当社のサーバーに到達しないため、閲覧、保存、販売することはできません。,,,90,1,true
