PR,URL,Title,Content type,Is rendered page,HTTP status code,Organic traffic,Depth,Title patch,Title patch status,Title length,No. of titles,Is indexable page
21,https://helpmyimg.com/en/convert-image/,Convert 30 Photos to WEBP Online Free (Batch Processing & ZIP) - HelpMyIMG,text/html; charset=utf-8,false,200,0,0,,,74,1,true
21,https://helpmyimg.com/id/hapus-latar-belakang-dari-logo/,Hapus Latar Belakang dari Logo Gratis - Pembuat PNG Transparan - HelpMyIMG,text/html; charset=utf-8,false,200,0,0,,,74,1,true
21,https://helpmyimg.com/uk/remove-person-from-photo/,Видалити людину з фотографії - безкоштовний Photobomb Eraser - HelpMyIMG,text/html; charset=utf-8,false,200,0,0,,,72,1,true
21,https://helpmyimg.com/hu/mdostsa-a-fnykp-httert-fehrre/,A fénykép hátterének módosítása fehérre – Amazon és e-kereskedelem készen áll - HelpMyIMG,text/html; charset=utf-8,false,200,0,0,,,89,1,true
21,https://helpmyimg.com/de/hintergrund-vom-logo-entfernen/,Hintergrund vom Logo kostenlos entfernen – Transparent PNG Maker - HelpMyIMG,text/html; charset=utf-8,false,200,0,0,,,76,1,true
21,https://helpmyimg.com/da/komprimer-til-100kb/,Komprimer billedet til 100KB online gratis - hurtigt og privat - HelpMyIMG,text/html; charset=utf-8,false,200,0,0,,,74,1,true
21,https://helpmyimg.com/fr/compresser-image-50ko/,Compresser l'image à 50 Ko - Compression intelligente WebGPU - HelpMyIMG,text/html; charset=utf-8,false,200,0,0,,,72,1,true
21,https://helpmyimg.com/pt/mudar-fundo/,Trocador de cor de fundo de foto de passaporte biométrico on-line - HelpMyIMG,text/html; charset=utf-8,false,200,0,0,,,77,1,true
21,https://helpmyimg.com/pl/przycinanie-obrazu/,Profesjonalne studio fotograficzne i zestaw narzędzi zbiorczych - HelpMyIMG,text/html; charset=utf-8,false,200,0,0,,,75,1,true
21,https://helpmyimg.com/hi/instagram-image-resize/,इंस्टाग्राम ऑनलाइन के लिए छवि का आकार बदलें - काटने की कोई आवश्यकता नहीं है - HelpMyIMG,text/html; charset=utf-8,false,200,0,0,,,87,1,true
21,https://helpmyimg.com/de/ndern-sie-die-gre-des-fotos-auf-passgre/,Ändern Sie die Größe des Fotos auf die Passgröße – Visa & ID Maker - HelpMyIMG,text/html; charset=utf-8,false,200,0,0,,,78,1,true
21,https://helpmyimg.com/ru/izmenit-razmer-dlya-instagram/,Изменение размера изображения для Instagram онлайн – обрезка не требуется - HelpMyIMG,text/html; charset=utf-8,false,200,0,0,,,85,1,true
21,https://helpmyimg.com/th/change-photo-background-to-white/,เปลี่ยนพื้นหลังรูปภาพเป็นสีขาว - พร้อมสำหรับ Amazon และ E-commerce - HelpMyIMG,text/html; charset=utf-8,false,200,0,0,,,78,1,true
21,https://helpmyimg.com/pl/zmie-to-zdjcia-na-biae/,Zmień tło zdjęcia na białe — gotowe do korzystania z Amazon i handlu elektronicznego - HelpMyIMG,text/html; charset=utf-8,false,200,0,0,,,96,1,true
21,https://helpmyimg.com/en/colorwhite/,Change Photo Background to White - Amazon & E-commerce Ready - HelpMyIMG,text/html; charset=utf-8,false,200,0,0,,,72,1,true
21,https://helpmyimg.com/tr/plaka-bulankl/,Plakayı Çevrimiçi Bulanıklaştır - Otomatik Gizlilik Sansürü - HelpMyIMG,text/html; charset=utf-8,false,200,0,0,,,71,1,true
21,https://helpmyimg.com/sv/andra-storlek-for-instagram/,Ändra storlek på bild för Instagram online - ingen beskärning krävs - HelpMyIMG,text/html; charset=utf-8,false,200,0,0,,,79,1,true
21,https://helpmyimg.com/fr/redimensionner-pour-instagram/,Redimensionner l'image pour Instagram en ligne - Aucun recadrage requis - HelpMyIMG,text/html; charset=utf-8,false,200,0,0,,,83,1,true
21,https://helpmyimg.com/it/convertire-webp-in-jpg/,Converti WEBP in JPG gratuitamente - Convertitore di immagini - HelpMyIMG,text/html; charset=utf-8,false,200,0,0,,,73,1,true
21,https://helpmyimg.com/pt/mudar-o-fundo-da-foto-para-branco/,Alterar o fundo da foto para branco - pronto para Amazon e comércio eletrônico - HelpMyIMG,text/html; charset=utf-8,false,200,0,0,,,90,1,true
21,https://helpmyimg.com/pl/zaawansowany-edytor/,Profesjonalne studio fotograficzne i zestaw narzędzi zbiorczych - HelpMyIMG,text/html; charset=utf-8,false,200,0,0,,,75,1,true
21,https://helpmyimg.com/it/ridimensiona-per-instagram/,Ridimensiona l'immagine per Instagram online: non è necessario ritagliare - HelpMyIMG,text/html; charset=utf-8,false,200,0,0,,,85,1,true
21,https://helpmyimg.com/ru/batch-watermark-photos/,Пакетная обработка фотографий водяных знаков — Массовое добавление логотипов - HelpMyIMG,text/html; charset=utf-8,false,200,0,0,,,88,1,true
21,https://helpmyimg.com/th/plian-kha-nad-ig/,ปรับขนาดรูปภาพสำหรับ Instagram ออนไลน์ - ไม่จำเป็นต้องครอบตัด - HelpMyIMG,text/html; charset=utf-8,false,200,0,0,,,73,1,true
21,https://helpmyimg.com/ru/resize-photo-to-passport-size/,Изменение размера фотографии до размера паспорта - Visa & ID Maker - HelpMyIMG,text/html; charset=utf-8,false,200,0,0,,,78,1,true
21,https://helpmyimg.com/vi/thay-i-kch-thc-nh-thnh-kch-thc-h-chiu/,Thay đổi kích thước ảnh thành kích thước hộ chiếu - Visa & ID Maker - HelpMyIMG,text/html; charset=utf-8,false,200,0,0,,,79,1,true
21,https://helpmyimg.com/ro/redimensionare-instagram/,Redimensionați imaginea pentru Instagram online - nu este necesară decuparea - HelpMyIMG,text/html; charset=utf-8,false,200,0,0,,,88,1,true
21,https://helpmyimg.com/fr/supprimer-une-personne-de-la-photo/,Supprimer une personne de la photo - Gomme Photobomb gratuite - HelpMyIMG,text/html; charset=utf-8,false,200,0,0,,,73,1,true
21,https://helpmyimg.com/uk/stysnuty-do-100kb/,Стисніть зображення до 100 КБ онлайн безкоштовно - швидко та приватно - HelpMyIMG,text/html; charset=utf-8,false,200,0,0,,,81,1,true
21,https://helpmyimg.com/tr/instagram-icin-boyutlandir/,Instagram Çevrimiçi için Görüntüyü Yeniden Boyutlandır - Kırpmaya Gerek Yok - HelpMyIMG,text/html; charset=utf-8,false,200,0,0,,,87,1,true
21,https://helpmyimg.com/th/blur-license-plate/,Blur License Plate Online - เซ็นเซอร์ความเป็นส่วนตัวอัตโนมัติ - HelpMyIMG,text/html; charset=utf-8,false,200,0,0,,,73,1,true
21,https://helpmyimg.com/hu/tvoltsa-el-a-htteret-a-logrl/,Háttér eltávolítása a Logo Free - Transparent PNG Maker programból - HelpMyIMG,text/html; charset=utf-8,false,200,0,0,,,78,1,true
21,https://helpmyimg.com/pt/redimensionar-para-instagram/,Redimensionar imagem para Instagram Online - sem necessidade de corte - HelpMyIMG,text/html; charset=utf-8,false,200,0,0,,,81,1,true
21,https://helpmyimg.com/ms/menukar-latar-belakang-foto-kepada-putih/,Tukar Latar Belakang Foto kepada Putih - Sedia Amazon & E-dagang - HelpMyIMG,text/html; charset=utf-8,false,200,0,0,,,76,1,true
21,https://helpmyimg.com/sv/ta-bort-bakgrund-frn-logotypen/,Ta bort bakgrund från logotyp gratis - Transparent PNG Maker - HelpMyIMG,text/html; charset=utf-8,false,200,0,0,,,72,1,true
21,https://helpmyimg.com/uk/resize-photo-to-passport-size/,Змініть розмір фотографії до розміру паспорта - Visa & ID Maker - HelpMyIMG,text/html; charset=utf-8,false,200,0,0,,,75,1,true
21,https://helpmyimg.com/ru/blur-license-plate/,Размытие номерного знака онлайн - автоматический цензор конфиденциальности - HelpMyIMG,text/html; charset=utf-8,false,200,0,0,,,86,1,true
21,https://helpmyimg.com/tr/fotoraf-arka-plann-beyaza-evir/,Fotoğraf Arka Planını Beyaz Olarak Değiştirin - Amazon ve E-ticarete Hazır - HelpMyIMG,text/html; charset=utf-8,false,200,0,0,,,86,1,true
21,https://helpmyimg.com/vi/i-nn-nh-sang-mu-trng/,Thay đổi nền ảnh thành màu trắng - Sẵn sàng cho Amazon và thương mại điện tử - HelpMyIMG,text/html; charset=utf-8,false,200,0,0,,,88,1,true
21,https://helpmyimg.com/pl/kompresja-obrazu-100kb/,Kompresuj obraz do 100 KB online bezpłatnie — szybko i prywatnie - HelpMyIMG,text/html; charset=utf-8,false,200,0,0,,,76,1,true
21,https://helpmyimg.com/hi/resize-photo-to-passport-size/,फोटो का आकार पासपोर्ट आकार में बदलें - वीज़ा और आईडी निर्माता - HelpMyIMG,text/html; charset=utf-8,false,200,0,0,,,73,1,true
21,https://helpmyimg.com/id/kompres-gambar/,Kompres 20 Foto Sekaligus Online Gratis (Batch ZIP Download) - HelpMyIMG,text/html; charset=utf-8,false,200,0,0,,,72,1,true
21,https://helpmyimg.com/cs/oriznuti-obrazku/,Profesionální fotografické studio a sada nástrojů pro hromadné zpracování - HelpMyIMG,text/html; charset=utf-8,false,200,0,0,,,85,1,true
21,https://helpmyimg.com/fi/muuta-valokuvan-tausta-valkoiseksi/,Muuta valokuvan tausta valkoiseksi – valmis Amazonin ja verkkokaupan käyttöön - HelpMyIMG,text/html; charset=utf-8,false,200,0,0,,,89,1,true
21,https://helpmyimg.com/tr/arka-plan-degistir/,Biyometrik Pasaport Fotoğrafı Arka Plan Renk Değiştirici Çevrimiçi - HelpMyIMG,text/html; charset=utf-8,false,200,0,0,,,78,1,true
21,https://helpmyimg.com/ms/alih-keluar-latar-belakang-daripada-logo/,Alih Keluar Latar Belakang daripada Logo Percuma - Pembuat PNG Lutsinar - HelpMyIMG,text/html; charset=utf-8,false,200,0,0,,,83,1,true
21,https://helpmyimg.com/ar/change-photo-background-to-white/,تغيير خلفية الصورة إلى اللون الأبيض - جاهز لأمازون والتجارة الإلكترونية - HelpMyIMG,text/html; charset=utf-8,false,200,0,0,,,83,1,true
21,https://helpmyimg.com/ru/remove-background-from-logo/,Удалить фон из логотипа бесплатно — Создатель PNG с прозрачным фоном - HelpMyIMG,text/html; charset=utf-8,false,200,0,0,,,80,1,true
21,https://helpmyimg.com/vi/nen-anh-100kb/,Nén hình ảnh trực tuyến miễn phí xuống 100KB - Nhanh chóng và riêng tư - HelpMyIMG,text/html; charset=utf-8,false,200,0,0,,,82,1,true
21,https://helpmyimg.com/vi/bin-s-xe-m/,Làm mờ biển số xe trực tuyến - Tự động kiểm duyệt quyền riêng tư - HelpMyIMG,text/html; charset=utf-8,false,200,0,0,,,76,1,true
21,https://helpmyimg.com/sv/komprimera-bild-100kb/,Komprimera bild till 100KB online gratis - snabbt och privat - HelpMyIMG,text/html; charset=utf-8,false,200,0,0,,,72,1,true
21,https://helpmyimg.com/it/selettore-colore/,Studio fotografico professionale e kit di strumenti in blocco - HelpMyIMG,text/html; charset=utf-8,false,200,0,0,,,73,1,true
21,https://helpmyimg.com/fr/changer-fond/,Changeur de couleur de fond de photo de passeport biométrique en ligne - HelpMyIMG,text/html; charset=utf-8,false,200,0,0,,,82,1,true
21,https://helpmyimg.com/cs/zmnit-pozad-fotografie-na-bl/,Změnit fotografické pozadí na bílé – připraveno pro Amazon a elektronický obchod - HelpMyIMG,text/html; charset=utf-8,false,200,0,0,,,92,1,true
21,https://helpmyimg.com/pl/wsadowe-zdjcia-ze-znakiem-wodnym/,Zdjęcia wsadowe ze znakiem wodnym — zbiorczy dodatek do logo - HelpMyIMG,text/html; charset=utf-8,false,200,0,0,,,72,1,true
21,https://helpmyimg.com/ro/comprimare-imagine-100kb/,Comprimați imaginea la 100KB online gratuit - rapid și privat - HelpMyIMG,text/html; charset=utf-8,false,200,0,0,,,73,1,true
21,https://helpmyimg.com/es/eliminar-el-fondo-del-logo/,Eliminar fondo del logotipo gratis - Creador de PNG transparente - HelpMyIMG,text/html; charset=utf-8,false,200,0,0,,,76,1,true
21,https://helpmyimg.com/es/cambiar-el-fondo-de-la-foto-a-blanco/,Cambie el fondo de la foto a blanco: listo para Amazon y comercio electrónico - HelpMyIMG,text/html; charset=utf-8,false,200,0,0,,,89,1,true
21,https://helpmyimg.com/no/endre-strrelsen-p-bildet-til-passstrrelsen/,Endre størrelse på bilde til passstørrelse - Visum- og ID-maker - HelpMyIMG,text/html; charset=utf-8,false,200,0,0,,,75,1,true
21,https://helpmyimg.com/ru/change-photo-background-to-white/,Изменение фона фотографии на белый — поддержка Amazon и электронной коммерции - HelpMyIMG,text/html; charset=utf-8,false,200,0,0,,,89,1,true
21,https://helpmyimg.com/hi/200kb/,छवि को 200KB तक संपीड़ित करें - उच्च गुणवत्ता वाला रेड्यूसर - HelpMyIMG,text/html; charset=utf-8,false,200,0,0,,,71,1,true
21,https://helpmyimg.com/id/ubah-background-foto-menjadi-putih/,Ubah Latar Belakang Foto menjadi Putih - Amazon & E-commerce Siap - HelpMyIMG,text/html; charset=utf-8,false,200,0,0,,,77,1,true
21,https://helpmyimg.com/it/ridimensionare-la-foto-in-formato-tessera/,Ridimensiona la foto alle dimensioni del passaporto - Visa & ID Maker - HelpMyIMG,text/html; charset=utf-8,false,200,0,0,,,81,1,true
21,https://helpmyimg.com/ms/tukar-latar-belakang/,Penukar Warna Latar Belakang Foto Pasport Biometrik Dalam Talian - HelpMyIMG,text/html; charset=utf-8,false,200,0,0,,,76,1,true
21,https://helpmyimg.com/es/cambiar-el-tamao-de-la-foto-al-tamao-pasaporte/,Cambiar el tamaño de la foto al tamaño de pasaporte - Visa & ID Maker - HelpMyIMG,text/html; charset=utf-8,false,200,0,0,,,81,1,true
21,https://helpmyimg.com/vi/doi-kich-thuoc-instagram/,Thay đổi kích thước hình ảnh cho Instagram trực tuyến - Không cần cắt xén - HelpMyIMG,text/html; charset=utf-8,false,200,0,0,,,85,1,true
21,https://helpmyimg.com/es/eliminar-persona-de-la-foto/,Eliminar persona de la foto - Borrador de Photobomb gratuito - HelpMyIMG,text/html; charset=utf-8,false,200,0,0,,,72,1,true
21,https://helpmyimg.com/da/ndre-strrelsen-p-billedet-til-passtrrelsen/,Ændr størrelsen på billedet til passtørrelsen - Visa & ID Maker - HelpMyIMG,text/html; charset=utf-8,false,200,0,0,,,75,1,true
21,https://helpmyimg.com/ro/schimbare-fundal/,Schimbator de culoare de fundal a fotografiilor de pașaport biometric online - HelpMyIMG,text/html; charset=utf-8,false,200,0,0,,,88,1,true
21,https://helpmyimg.com/pl/zmien-tlo/,Zmieniacz koloru tła zdjęcia paszportu biometrycznego online - HelpMyIMG,text/html; charset=utf-8,false,200,0,0,,,72,1,true
21,https://helpmyimg.com/cs/zmnit-velikost-fotografie-na-velikost-pasu/,Změna velikosti fotografie na velikost pasu – Visa & ID Maker - HelpMyIMG,text/html; charset=utf-8,false,200,0,0,,,73,1,true
21,https://helpmyimg.com/tr/fotoraf-pasaport-boyutuna-gre-yeniden-boyutlandr/,Fotoğrafı Pasaport Boyutuna Yeniden Boyutlandır - Vize ve Kimlik Oluşturucu - HelpMyIMG,text/html; charset=utf-8,false,200,0,0,,,87,1,true
21,https://helpmyimg.com/el/batch-watermark-photos/,Μαζικές φωτογραφίες υδατογραφήματος - Μαζική προσθήκη λογότυπων - HelpMyIMG,text/html; charset=utf-8,false,200,0,0,,,75,1,true
21,https://helpmyimg.com/fr/compresser-image-100ko/,Compresser l'image à 100 Ko en ligne gratuitement - Rapide et privé - HelpMyIMG,text/html; charset=utf-8,false,200,0,0,,,79,1,true
21,https://helpmyimg.com/pl/zmie-rozmiar-zdjcia-na-rozmiar-paszportowy/,Zmień rozmiar zdjęcia na rozmiar paszportu - narzędzie do tworzenia wiz i dokumentów tożsamości - HelpMyIMG,text/html; charset=utf-8,false,200,0,0,,,107,1,true
21,https://helpmyimg.com/pl/rozmycie-twarzy/,Profesjonalne studio fotograficzne i zestaw narzędzi zbiorczych - HelpMyIMG,text/html; charset=utf-8,false,200,0,0,,,75,1,true
21,https://helpmyimg.com/el/resize-photo-to-passport-size/,Αλλαγή μεγέθους φωτογραφίας σε μέγεθος διαβατηρίου - Visa & ID Maker - HelpMyIMG,text/html; charset=utf-8,false,200,0,0,,,80,1,true
21,https://helpmyimg.com/ru/szhat-izobrazhenie-50kb/,Сжатие изображения до 50 КБ — интеллектуальное сжатие WebGPU - HelpMyIMG,text/html; charset=utf-8,false,200,0,0,,,72,1,true
21,https://helpmyimg.com/pl/zamazana-tablica-rejestracyjna/,Zamazanie tablicy rejestracyjnej online — automatyczna cenzura prywatności - HelpMyIMG,text/html; charset=utf-8,false,200,0,0,,,86,1,true
21,https://helpmyimg.com/ru/remove-person-from-photo/,Удалить человека с фотографии — бесплатный ластик для фотобомбы - HelpMyIMG,text/html; charset=utf-8,false,200,0,0,,,75,1,true
21,https://helpmyimg.com/hu/instagram-atmeretezes/,Kép átméretezése az Instagram Online számára – nincs szükség vágásra - HelpMyIMG,text/html; charset=utf-8,false,200,0,0,,,80,1,true
21,https://helpmyimg.com/it/cambia-sfondo/,Cambia colore di sfondo biometrico per foto di passaporto online - HelpMyIMG,text/html; charset=utf-8,false,200,0,0,,,76,1,true
21,https://helpmyimg.com/fr/flouter-la-plaque-dimmatriculation/,Flou de plaque d'immatriculation en ligne - Censure automatique de la confidentialité - HelpMyIMG,text/html; charset=utf-8,false,200,0,0,,,97,1,true
21,https://helpmyimg.com/pl/obroc-obraz/,Profesjonalne studio fotograficzne i zestaw narzędzi zbiorczych - HelpMyIMG,text/html; charset=utf-8,false,200,0,0,,,75,1,true
21,https://helpmyimg.com/de/bild-fuer-instagram-skalieren/,Bildgröße für Instagram online ändern – kein Zuschneiden erforderlich - HelpMyIMG,text/html; charset=utf-8,false,200,0,0,,,81,1,true
21,https://helpmyimg.com/el/sympiesi-se-100kb/,Συμπίεση εικόνας σε 100 KB Δωρεάν Online - Γρήγορη και ιδιωτική - HelpMyIMG,text/html; charset=utf-8,false,200,0,0,,,75,1,true
21,https://helpmyimg.com/pl/zmiana-rozmiaru-instagram/,Zmień rozmiar obrazu w serwisie Instagram Online — bez konieczności przycinania - HelpMyIMG,text/html; charset=utf-8,false,200,0,0,,,91,1,true
21,https://helpmyimg.com/es/matrcula-borrosa/,Desenfoque de matrícula en línea - Censor automático de privacidad - HelpMyIMG,text/html; charset=utf-8,false,200,0,0,,,78,1,true
21,https://helpmyimg.com/pt/redimensionar-foto-para-tamanho-de-passaporte/,Redimensionar foto para tamanho de passaporte - Visa & ID Maker - HelpMyIMG,text/html; charset=utf-8,false,200,0,0,,,75,1,true
21,https://helpmyimg.com/no/endre-storrelse-instagram/,Endre størrelse på bilde for Instagram Online - Ingen beskjæring nødvendig - HelpMyIMG,text/html; charset=utf-8,false,200,0,0,,,86,1,true
21,https://helpmyimg.com/nl/formaat-van-foto-wijzigen-naar-paspoortformaat/,Formaat van foto wijzigen naar paspoortformaat - Visa & ID Maker - HelpMyIMG,text/html; charset=utf-8,false,200,0,0,,,76,1,true
21,https://helpmyimg.com/tr/resim-sikistir-100kb/,Görüntüyü Çevrimiçi Olarak 100 KB'ye Sıkıştırın - Hızlı ve Özel - HelpMyIMG,text/html; charset=utf-8,false,200,0,0,,,75,1,true
21,https://helpmyimg.com/uk/change-photo-background-to-white/,Змініть фон фотографії на білий - готовий до Amazon і електронної комерції - HelpMyIMG,text/html; charset=utf-8,false,200,0,0,,,86,1,true
21,https://helpmyimg.com/it/sfoca-viso/,Studio fotografico professionale e kit di strumenti in blocco - HelpMyIMG,text/html; charset=utf-8,false,200,0,0,,,73,1,true
21,https://helpmyimg.com/it/cambia-lo-sfondo-della-foto-in-bianco/,Cambia lo sfondo della foto in bianco: pronto per Amazon ed e-commerce - HelpMyIMG,text/html; charset=utf-8,false,200,0,0,,,82,1,true
21,https://helpmyimg.com/nl/afbeelding-comprimeren-100kb/,Comprimeer afbeelding online gratis tot 100 KB - snel en privé - HelpMyIMG,text/html; charset=utf-8,false,200,0,0,,,74,1,true
21,https://helpmyimg.com/tl/palitan-background/,Palitan ng Kulay ng Background ng Biometric Passport Online - HelpMyIMG,text/html; charset=utf-8,false,200,0,0,,,71,1,true
21,https://helpmyimg.com/it/ritaglia-immagine/,Studio fotografico professionale e kit di strumenti in blocco - HelpMyIMG,text/html; charset=utf-8,false,200,0,0,,,73,1,true
21,https://helpmyimg.com/cs/komprese-na-100kb/,Komprimujte obrázek na 100 kB online zdarma – rychle a v soukromí - HelpMyIMG,text/html; charset=utf-8,false,200,0,0,,,77,1,true
21,https://helpmyimg.com/ms/mampat-imej-100kb/,Mampatkan Imej kepada 100KB Percuma Dalam Talian - Pantas & Peribadi - HelpMyIMG,text/html; charset=utf-8,false,200,0,0,,,80,1,true
21,https://helpmyimg.com/es/redimensionar-para-instagram/,Cambiar el tamaño de la imagen para Instagram en línea: no es necesario recortar - HelpMyIMG,text/html; charset=utf-8,false,200,0,0,,,92,1,true
21,https://helpmyimg.com/ro/redimensionai-fotografia-la-dimensiunea-paaportului/,Redimensionați fotografia la dimensiunea pașaportului - Visa & ID Maker - HelpMyIMG,text/html; charset=utf-8,false,200,0,0,,,83,1,true
21,https://helpmyimg.com/pt/converter-webp-para-jpg/,Converta WEBP para JPG gratuitamente - Conversor de imagens - HelpMyIMG,text/html; charset=utf-8,false,200,0,0,,,71,1,true
21,https://helpmyimg.com/ro/schimba-fundalul-fotografiei-n-alb/,Schimbați fundalul fotografiei în alb - gata pentru Amazon și comerț electronic - HelpMyIMG,text/html; charset=utf-8,false,200,0,0,,,91,1,true
21,https://helpmyimg.com/hi/change-photo-background-to-white/,फोटो पृष्ठभूमि को सफेद में बदलें - अमेज़ॅन और ई-कॉमर्स तैयार - HelpMyIMG,text/html; charset=utf-8,false,200,0,0,,,72,1,true
21,https://helpmyimg.com/id/ganti-background/,Ganti Background Biru KTP & Ijazah Online Gratis Tanpa Aplikasi - HelpMyIMG,text/html; charset=utf-8,false,200,0,0,,,75,1,true
21,https://helpmyimg.com/fr/photos-en-filigrane-par-lots/,Photos en filigrane par lots - Additionneur de logo en masse - HelpMyIMG,text/html; charset=utf-8,false,200,0,0,,,72,1,true
21,https://helpmyimg.com/ms/alih-keluar-orang-daripada-foto/,Alih Keluar Orang daripada Foto - Pemadam Photobomb Percuma - HelpMyIMG,text/html; charset=utf-8,false,200,0,0,,,71,1,true
21,https://helpmyimg.com/es/comprimir-imagen/,Comprima imágenes a 100 KB en línea gratis (lotes de 20 a 50 fotos) - HelpMyIMG,text/html; charset=utf-8,false,200,0,0,,,79,1,true
21,https://helpmyimg.com/uk/batch-watermark-photos/,Пакетні фотографії з водяними знаками - масовий додавач логотипів - HelpMyIMG,text/html; charset=utf-8,false,200,0,0,,,77,1,true
21,https://helpmyimg.com/pt/remover-fundo-do-logotipo/,Remover fundo do logotipo gratuitamente - Criador de PNG transparente - HelpMyIMG,text/html; charset=utf-8,false,200,0,0,,,81,1,true
21,https://helpmyimg.com/fr/changer-le-fond-de-la-photo-en-blanc/,Changez l'arrière-plan de la photo en blanc - Prêt pour Amazon et le commerce électronique - HelpMyIMG,text/html; charset=utf-8,false,200,0,0,,,102,1,true
21,https://helpmyimg.com/fr/supprimer-larrireplan-du-logo/,Supprimer l'arrière-plan du logo gratuitement - Créateur PNG transparent - HelpMyIMG,text/html; charset=utf-8,false,200,0,0,,,84,1,true
21,https://helpmyimg.com/de/ndern-sie-den-fotohintergrund-in-wei/,Ändern Sie den Fotohintergrund in Weiß – bereit für Amazon und E-Commerce - HelpMyIMG,text/html; charset=utf-8,false,200,0,0,,,85,1,true
21,https://helpmyimg.com/it/rimuovere-lo-sfondo-dal-logo/,Rimuovi lo sfondo dal logo gratuitamente - Creatore di PNG trasparenti - HelpMyIMG,text/html; charset=utf-8,false,200,0,0,,,82,1,true
21,https://helpmyimg.com/ar/resize-photo-to-passport-size/,تغيير حجم الصورة إلى حجم جواز السفر - صانع التأشيرات والهويات - HelpMyIMG,text/html; charset=utf-8,false,200,0,0,,,73,1,true
21,https://helpmyimg.com/hu/kep-tomorites-100kb/,Tömörítse a képet 100 KB-ra online ingyenes – gyors és privát - HelpMyIMG,text/html; charset=utf-8,false,200,0,0,,,73,1,true
21,https://helpmyimg.com/it/ruota-immagine/,Studio fotografico professionale e kit di strumenti in blocco - HelpMyIMG,text/html; charset=utf-8,false,200,0,0,,,73,1,true
21,https://helpmyimg.com/nl/verkleinen-voor-instagram/,Formaat van afbeelding wijzigen voor Instagram online - bijsnijden niet vereist - HelpMyIMG,text/html; charset=utf-8,false,200,0,0,,,91,1,true
21,https://helpmyimg.com/fr/convertir-webp-en-jpg/,Convertir WEBP en JPG gratuitement - Convertisseur d'images - HelpMyIMG,text/html; charset=utf-8,false,200,0,0,,,71,1,true
21,https://helpmyimg.com/es/fotos-de-marca-de-agua-por-lotes/,Fotos de marcas de agua por lotes: sumador de logotipos a granel - HelpMyIMG,text/html; charset=utf-8,false,200,0,0,,,76,1,true
21,https://helpmyimg.com/nl/verander-de-fotoachtergrond-naar-wit/,Verander de fotoachtergrond in wit - klaar voor Amazon en e-commerce - HelpMyIMG,text/html; charset=utf-8,false,200,0,0,,,80,1,true
21,https://helpmyimg.com/ro/eliminai-persoana-din-fotografie/,Eliminați persoana din fotografie - Photobomb Eraser gratuit - HelpMyIMG,text/html; charset=utf-8,false,200,0,0,,,72,1,true
21,https://helpmyimg.com/ar/daght-sura-100kb/,ضغط الصور إلى 100 كيلو بايت عبر الإنترنت مجانًا - سريع وخاص - HelpMyIMG,text/html; charset=utf-8,false,200,0,0,,,71,1,true
21,https://helpmyimg.com/pl/wybieracz-kolorow/,Profesjonalne studio fotograficzne i zestaw narzędzi zbiorczych - HelpMyIMG,text/html; charset=utf-8,false,200,0,0,,,75,1,true
21,https://helpmyimg.com/cs/otoceni-obrazku/,Profesionální fotografické studio a sada nástrojů pro hromadné zpracování - HelpMyIMG,text/html; charset=utf-8,false,200,0,0,,,85,1,true
21,https://helpmyimg.com/it/comprimi-immagine-100kb/,Comprimi immagine a 100KB online gratuitamente: veloce e privato - HelpMyIMG,text/html; charset=utf-8,false,200,0,0,,,76,1,true
21,https://helpmyimg.com/it/comprimi-immagine-50kb/,Comprimi immagine a 50 KB: compressione WebGPU intelligente - HelpMyIMG,text/html; charset=utf-8,false,200,0,0,,,71,1,true
21,https://helpmyimg.com/ms/ubah-saiz-instagram/,Ubah Saiz Imej untuk Instagram Dalam Talian - Tiada Pemotongan Diperlukan - HelpMyIMG,text/html; charset=utf-8,false,200,0,0,,,85,1,true
21,https://helpmyimg.com/ru/szhat-izobrazhenie-100kb/,Сжимайте изображение до 100 КБ онлайн бесплатно — быстро и конфиденциально - HelpMyIMG,text/html; charset=utf-8,false,200,0,0,,,86,1,true
21,https://helpmyimg.com/cs/zmena-velikosti-instagram/,Změna velikosti obrázku pro Instagram online – není potřeba žádné oříznutí - HelpMyIMG,text/html; charset=utf-8,false,200,0,0,,,86,1,true
21,https://helpmyimg.com/es/convertir-imagen/,Convierta 30 fotos a WEBP en línea gratis (procesamiento por lotes y ZIP) - HelpMyIMG,text/html; charset=utf-8,false,200,0,0,,,85,1,true
21,https://helpmyimg.com/cs/vyber-barev/,Profesionální fotografické studio a sada nástrojů pro hromadné zpracování - HelpMyIMG,text/html; charset=utf-8,false,200,0,0,,,85,1,true
21,https://helpmyimg.com/cs/komprese-na-50kb/,Komprimujte obrázek na 50 kB – Inteligentní komprese WebGPU - HelpMyIMG,text/html; charset=utf-8,false,200,0,0,,,71,1,true
21,https://helpmyimg.com/cs/rozmazat-oblicej/,Profesionální fotografické studio a sada nástrojů pro hromadné zpracování - HelpMyIMG,text/html; charset=utf-8,false,200,0,0,,,85,1,true
21,https://helpmyimg.com/de/bild-auf-50kb-komprimieren/,Bild auf 50 KB komprimieren – Intelligente WebGPU-Komprimierung - HelpMyIMG,text/html; charset=utf-8,false,200,0,0,,,75,1,true
21,https://helpmyimg.com/tr/logodan-arka-plan-kaldr/,Logodan Arka Planı Kaldırma Ücretsiz - Şeffaf PNG Oluşturucu - HelpMyIMG,text/html; charset=utf-8,false,200,0,0,,,72,1,true
21,https://helpmyimg.com/tr/kiiyi-fotoraftan-kaldr/,Fotoğraftan Kişiyi Kaldır - Ücretsiz Fotoğraf Bombası Silgisi - HelpMyIMG,text/html; charset=utf-8,false,200,0,0,,,73,1,true
21,https://helpmyimg.com/es/comprimir-imagen-a-100kb/,Comprime imágenes a 100 KB en línea gratis: rápido y privado - HelpMyIMG,text/html; charset=utf-8,false,200,0,0,,,72,1,true
21,https://helpmyimg.com/el/allagi-megethous-instagram/,Αλλαγή μεγέθους εικόνας για το Instagram Online - Δεν απαιτείται περικοπή - HelpMyIMG,text/html; charset=utf-8,false,200,0,0,,,85,1,true
21,https://helpmyimg.com/de/bild-auf-100kb-komprimieren/,Komprimieren Sie das Bild online kostenlos auf 100 KB – schnell und privat - HelpMyIMG,text/html; charset=utf-8,false,200,0,0,,,86,1,true
21,https://helpmyimg.com/ru/jpg/,Конвертировать WEBP в JPG бесплатно — конвертер изображений - HelpMyIMG,text/html; charset=utf-8,false,200,0,0,,,71,1,true
21,https://helpmyimg.com/fr/redimensionner-la-photo-au-format-passeport/,Redimensionner la photo au format du passeport - Visa & ID Maker - HelpMyIMG,text/html; charset=utf-8,false,200,0,0,,,76,1,true
21,https://helpmyimg.com/es/cambiar-fondo/,Cambiador de color de fondo de foto de pasaporte biométrico en línea - HelpMyIMG,text/html; charset=utf-8,false,200,0,0,,,80,1,true
21,https://helpmyimg.com/el/allagi-fontou/,Βιομετρική αλλαγή χρώματος φόντου φωτογραφιών διαβατηρίου σε απευθείας σύνδεση - HelpMyIMG,text/html; charset=utf-8,false,200,0,0,,,90,1,true
21,https://helpmyimg.com/hi/image-compress-100kb/,छवि को 100KB तक ऑनलाइन निःशुल्क संपीड़ित करें - तेज़ और निजी - HelpMyIMG,text/html; charset=utf-8,false,200,0,0,,,72,1,true
21,https://helpmyimg.com/pt/desfocar-placa-de-carro/,Desfocar placa de carro online - Censor de privacidade automático - HelpMyIMG,text/html; charset=utf-8,false,200,0,0,,,77,1,true
21,https://helpmyimg.com/nl/comprimeer-de-afbeelding-tot-200-kb/,Comprimeer afbeelding tot 200 KB - Reducer van hoge kwaliteit - HelpMyIMG,text/html; charset=utf-8,false,200,0,0,,,73,1,true
21,https://helpmyimg.com/pt/comprimir-imagem-100kb/,Compactar imagem para 100 KB online gratuitamente - rápido e privado - HelpMyIMG,text/html; charset=utf-8,false,200,0,0,,,80,1,true
21,https://helpmyimg.com/da/tilpas-til-instagram/,Ændre størrelse på billede til Instagram online - ingen beskæring påkrævet - HelpMyIMG,text/html; charset=utf-8,false,200,0,0,,,86,1,true
21,https://helpmyimg.com/fi/muuta-kokoa-instagram/,Muuta kuvan kokoa Instagram Onlinea varten - Rajausta ei vaadita - HelpMyIMG,text/html; charset=utf-8,false,200,0,0,,,76,1,true
21,https://helpmyimg.com/uk/blur-license-plate/,Розмивання номерного знака в Інтернеті - автоматичний цензор конфіденційності - HelpMyIMG,text/html; charset=utf-8,false,200,0,0,,,89,1,true
21,https://helpmyimg.com/cs/pokrocily-editor/,Profesionální fotografické studio a sada nástrojů pro hromadné zpracování - HelpMyIMG,text/html; charset=utf-8,false,200,0,0,,,85,1,true
21,https://helpmyimg.com/hu/szemly-eltvoltsa-a-fnykprl/,Személy eltávolítása a fényképről - Ingyenes Photobomb Eraser - HelpMyIMG,text/html; charset=utf-8,false,200,0,0,,,73,1,true
21,https://helpmyimg.com/nl/achtergrond-uit-logo-verwijderen/,Achtergrond verwijderen uit logo gratis - Transparante PNG Maker - HelpMyIMG,text/html; charset=utf-8,false,200,0,0,,,76,1,true
21,https://helpmyimg.com/uk/zminyty-rozmir-instagram/,Змініть розмір зображення для Instagram онлайн – обрізання не потрібне - HelpMyIMG,text/html; charset=utf-8,false,200,0,0,,,82,1,true
21,https://helpmyimg.com/it/editor-di-design/,Studio fotografico professionale e kit di strumenti in blocco - HelpMyIMG,text/html; charset=utf-8,false,200,0,0,,,73,1,true
21,https://helpmyimg.com/fi/pakkaa-100kb/,Pakkaa kuva 100 kilotavuun verkossa ilmaiseksi - nopea ja yksityinen - HelpMyIMG,text/html; charset=utf-8,false,200,0,0,,,80,1,true
21,https://helpmyimg.com/pt/fotos-de-marca-dgua-em-lote/,Fotos de marca d'água em lote - Adicionador de logotipo em massa - HelpMyIMG,text/html; charset=utf-8,false,200,0,0,,,76,1,true
21,https://helpmyimg.com/el/change-photo-background-to-white/,Αλλάξτε το φόντο φωτογραφιών σε λευκό - Έτοιμος για το Amazon και το ηλεκτρονικό εμπόριο - HelpMyIMG,text/html; charset=utf-8,false,200,0,0,,,100,1,true
