PR,URL,Title,Content type,Is rendered page,HTTP status code,Organic traffic,Depth,No. of content words,Title patch,Title patch status,Meta description,Meta description patch,Meta description patch status,H1,Is indexable page
26,https://helpmyimg.com/zh/,HelpMyIMG | 所有图像工具尽在一处,text/html; charset=utf-8,false,200,0,0,10,,,直接在浏览器中组合、分割、压缩、转换和处理照片。通过 WebAssembly 100% 离线。免费、无限制且高度安全。,,,专业级一站式批量图像处理与摄影工作室,true
26,https://helpmyimg.com/th/,HelpMyIMG | เครื่องมือรูปภาพทั้งหมดในที่เดียว,text/html; charset=utf-8,false,200,0,0,20,,,รวม แยก บีบอัด แปลง และประมวลผลรูปภาพได้โดยตรงในเบราว์เซอร์ของคุณ ออฟไลน์ 100% ผ่าน WebAssembly ฟรี ไม่จำกัด และมีความปลอดภัยสูง,,,สตูดิโอถ่ายภาพระดับมืออาชีพและชุดเครื่องมือจำนวนมาก,true
26,https://helpmyimg.com/ja/,HelpMyIMG | 画像ツールが全部一か所に,text/html; charset=utf-8,false,200,0,0,7,,,ブラウザ内で写真を直接結合、分割、圧縮、変換、処理できます。 WebAssembly 経由で 100% オフライン。無料、無制限、そして非常に安全です。,,,プロ仕様のオールインワン写真スタジオ,true
21,https://helpmyimg.com/nl/afbeelding-bijsnijden/,Professionele fotostudio en bulktoolkit - HelpMyIMG,text/html; charset=utf-8,false,200,0,0,10,,,"Combineer, splits, comprimeer, converteer en verwerk foto's rechtstreeks in uw browser. 100% offline via WebAssembly. Gratis, onbeperkt en zeer veilig.",,,crop,true
21,https://helpmyimg.com/th/lai-nam/,©️ลายน้ำรูปภาพของฉัน - HelpMyIMG,text/html; charset=utf-8,false,200,0,0,6,,,รวม แยก บีบอัด แปลง และประมวลผลรูปภาพได้โดยตรงในเบราว์เซอร์ของคุณ ออฟไลน์ 100% ผ่าน WebAssembly ฟรี ไม่จำกัด และมีความปลอดภัยสูง,,,watermark,true
21,https://helpmyimg.com/ar/magic-brush/,فرشاة يدوية - HelpMyIMG,text/html; charset=utf-8,false,200,0,0,8,,,قم بدمج الصور وتقسيمها وضغطها وتحويلها ومعالجتها مباشرة في متصفحك.غير متصل بالإنترنت بنسبة 100% عبر WebAssembly.مجاني وغير محدود وآمن للغاية.,,,brush,true
21,https://helpmyimg.com/ar/alama-maiya/,©️ العلامة المائية صورتي - HelpMyIMG,text/html; charset=utf-8,false,200,0,0,10,,,قم بدمج الصور وتقسيمها وضغطها وتحويلها ومعالجتها مباشرة في متصفحك.غير متصل بالإنترنت بنسبة 100% عبر WebAssembly.مجاني وغير محدود وآمن للغاية.,,,watermark,true
21,https://helpmyimg.com/cs/zmena-pozadi/,Měnič barvy pozadí biometrických pasů online - HelpMyIMG,text/html; charset=utf-8,false,200,0,0,13,,,"Kombinujte, rozdělujte, komprimujte, převádějte a zpracovávajte fotografie přímo ve vašem prohlížeči.100% offline přes WebAssembly.Zdarma, neomezené a vysoce bezpečné.",,,color,true
21,https://helpmyimg.com/zh/xuanzhuan-tupian/,专业级一站式批量图像处理与摄影工作室 - HelpMyIMG,text/html; charset=utf-8,false,200,0,0,6,,,直接在浏览器中组合、分割、压缩、转换和处理照片。通过 WebAssembly 100% 离线。免费、无限制且高度安全。,,,rotate,true
21,https://helpmyimg.com/hi/chehra-dhundhla-kare/,पेशेवर ऑल-इन-वन फ़ोटो स्टूडियो और बल्क एडिटर - HelpMyIMG,text/html; charset=utf-8,false,200,0,0,16,,,"फ़ोटो को सीधे अपने ब्राउज़र में संयोजित करें, विभाजित करें, संपीड़ित करें, रूपांतरित करें और संसाधित करें। WebAssembly के माध्यम से 100% ऑफ़लाइन। मुफ़्त, असीमित और अत्यधिक सुरक्षित।",,,blurface,true
21,https://helpmyimg.com/nl/gezicht-vervagen/,Professionele fotostudio en bulktoolkit - HelpMyIMG,text/html; charset=utf-8,false,200,0,0,10,,,"Combineer, splits, comprimeer, converteer en verwerk foto's rechtstreeks in uw browser. 100% offline via WebAssembly. Gratis, onbeperkt en zeer veilig.",,,blurface,true
21,https://helpmyimg.com/da/avanceret-editor/,Professionelt fotostudie og bulk-værktøjssæt - HelpMyIMG,text/html; charset=utf-8,false,200,0,0,11,,,"Kombiner, opdel, komprimer, konverter og bearbejd billeder direkte i din browser. 100 % offline via WebAssembly. Gratis, ubegrænset og meget sikker.",,,design,true
21,https://helpmyimg.com/hi/magic-brush/,मैनुअल ब्रश - HelpMyIMG,text/html; charset=utf-8,false,200,0,0,11,,,"फ़ोटो को सीधे अपने ब्राउज़र में संयोजित करें, विभाजित करें, संपीड़ित करें, रूपांतरित करें और संसाधित करें। WebAssembly के माध्यम से 100% ऑफ़लाइन। मुफ़्त, असीमित और अत्यधिक सुरक्षित।",,,brush,true
21,https://helpmyimg.com/el/programma-epexergasias/,Επαγγελματικό Photo Studio & Bulk Toolkit - HelpMyIMG,text/html; charset=utf-8,false,200,0,0,12,,,"Συνδυάστε, διαχωρίστε, συμπιέστε, μετατρέψτε και επεξεργαστείτε φωτογραφίες απευθείας στο πρόγραμμα περιήγησής σας. 100% εκτός σύνδεσης μέσω WebAssembly. Δωρεάν, απεριόριστη και εξαιρετικά ασφαλής.",,,design,true
21,https://helpmyimg.com/da/beskaer-billede/,Professionelt fotostudie og bulk-værktøjssæt - HelpMyIMG,text/html; charset=utf-8,false,200,0,0,11,,,"Kombiner, opdel, komprimer, konverter og bearbejd billeder direkte i din browser. 100 % offline via WebAssembly. Gratis, ubegrænset og meget sikker.",,,crop,true
21,https://helpmyimg.com/ko/baegyeong-byeongyeong/,생체 인식 여권 사진 배경 색상 체인저 온라인 - HelpMyIMG,text/html; charset=utf-8,false,200,0,0,15,,,"브라우저에서 직접 사진을 결합, 분할, 압축, 변환 및 처리합니다. WebAssembly를 통해 100% 오프라인. 무료이며 무제한이며 매우 안전합니다.",,,color,true
21,https://helpmyimg.com/sv/fargvaljare/,Professionell fotostudio & Bulk Toolkit - HelpMyIMG,text/html; charset=utf-8,false,200,0,0,11,,,"Kombinera, dela, komprimera, konvertera och bearbeta foton direkt i din webbläsare. 100 % offline via WebAssembly. Gratis, obegränsad och mycket säker.",,,picker,true
21,https://helpmyimg.com/ja/haikei-sakuzyo/,✂️ 背景自動切り抜き - HelpMyIMG,text/html; charset=utf-8,false,200,0,0,12,,,ブラウザ内で写真を直接結合、分割、圧縮、変換、処理できます。 WebAssembly 経由で 100% オフライン。無料、無制限、そして非常に安全です。,,,ECサイト・証明写真向け高精細AI背景透過・色変更,true
21,https://helpmyimg.com/sv/oskarpt-ansikte/,Professionell fotostudio & Bulk Toolkit - HelpMyIMG,text/html; charset=utf-8,false,200,0,0,11,,,"Kombinera, dela, komprimera, konvertera och bearbeta foton direkt i din webbläsare. 100 % offline via WebAssembly. Gratis, obegränsad och mycket säker.",,,blurface,true
21,https://helpmyimg.com/es/rotar-imagen/,Estudio Fotográfico Profesional Todo en Uno - HelpMyIMG,text/html; charset=utf-8,false,200,0,0,12,,,"Combine, divida, comprima, convierta y procese fotografías directamente en su navegador. 100% sin conexión a través de WebAssembly. Gratis, ilimitado y muy seguro.",,,rotate,true
21,https://helpmyimg.com/pt/mudar-fundo/,Trocador de cor de fundo de foto de passaporte biométrico on-line - HelpMyIMG,text/html; charset=utf-8,false,200,0,0,17,,,"Combine, divida, compacte, converta e processe fotos diretamente no seu navegador. 100% off-line via WebAssembly. Gratuito, ilimitado e altamente seguro.",,,color,true
21,https://helpmyimg.com/fi/magic-brush/,Manuaalinen Sivellin - HelpMyIMG,text/html; charset=utf-8,false,200,0,0,9,,,"Yhdistä, jaa, pakkaa, muunna ja käsittele valokuvia suoraan selaimessasi. 100 % offline-tilassa WebAssemblyn kautta. Ilmainen, rajoittamaton ja erittäin turvallinen.",,,brush,true
21,https://helpmyimg.com/id/sensor-wajah/,Studio Foto & Pengeditan Massal Profesional - HelpMyIMG,text/html; charset=utf-8,false,200,0,0,14,,,"Gabungkan, pisahkan, kompres, konversi, dan proses foto langsung di browser Anda. 100% offline melalui WebAssembly. Gratis, tidak terbatas, dan sangat aman.",,,blurface,true
21,https://helpmyimg.com/pl/przycinanie-obrazu/,Profesjonalne studio fotograficzne i zestaw narzędzi zbiorczych - HelpMyIMG,text/html; charset=utf-8,false,200,0,0,14,,,"Łącz, dziel, kompresuj, konwertuj i przetwarzaj zdjęcia bezpośrednio w przeglądarce. 100% offline poprzez WebAssembly. Bezpłatny, nieograniczony i wysoce bezpieczny.",,,crop,true
21,https://helpmyimg.com/no/vannmerke/,©️ Vannmerke mitt bilde - HelpMyIMG,text/html; charset=utf-8,false,200,0,0,11,,,"Kombiner, del, komprimer, konverter og bearbeid bilder direkte i nettleseren din. 100 % offline via WebAssembly. Gratis, ubegrenset og svært sikker.",,,watermark,true
21,https://helpmyimg.com/th/change-photo-background-to-white/,เปลี่ยนพื้นหลังรูปภาพเป็นสีขาว - พร้อมสำหรับ Amazon และ E-commerce - HelpMyIMG,text/html; charset=utf-8,false,200,0,0,37,,,รวม แยก บีบอัด แปลง และประมวลผลรูปภาพได้โดยตรงในเบราว์เซอร์ของคุณ ออฟไลน์ 100% ผ่าน WebAssembly ฟรี ไม่จำกัด และมีความปลอดภัยสูง,,,พื้นหลังสีขาวบริสุทธิ์ในไม่กี่วินาที,true
21,https://helpmyimg.com/sv/andra-bakgrund/,Biometriskt passfoto bakgrundsfärgväxlare online - HelpMyIMG,text/html; charset=utf-8,false,200,0,0,10,,,"Kombinera, dela, komprimera, konvertera och bearbeta foton direkt i din webbläsare. 100 % offline via WebAssembly. Gratis, obegränsad och mycket säker.",,,color,true
21,https://helpmyimg.com/th/lop-phun-lang/,✂️ ลบพื้นหลัง AI - HelpMyIMG,text/html; charset=utf-8,false,200,0,0,25,,,รวม แยก บีบอัด แปลง และประมวลผลรูปภาพได้โดยตรงในเบราว์เซอร์ของคุณ ออฟไลน์ 100% ผ่าน WebAssembly ฟรี ไม่จำกัด และมีความปลอดภัยสูง,,,"ลบพื้นหลังรูปสินค้าสำหรับ Shopee, Lazada และ TikTok Shop",true
21,https://helpmyimg.com/da/magic-brush/,Manuel Pensel - HelpMyIMG,text/html; charset=utf-8,false,200,0,0,9,,,"Kombiner, opdel, komprimer, konverter og bearbejd billeder direkte i din browser. 100 % offline via WebAssembly. Gratis, ubegrænset og meget sikker.",,,brush,true
21,https://helpmyimg.com/zh/removelogo/,从徽标中删除背景 免费 - 透明 PNG 制作工具 - HelpMyIMG,text/html; charset=utf-8,false,200,0,0,11,,,直接在浏览器中组合、分割、压缩、转换和处理照片。通过 WebAssembly 100% 离线。免费、无限制且高度安全。,,,removelogo,true
21,https://helpmyimg.com/tr/magic-brush/,Manuel Fırça - HelpMyIMG,text/html; charset=utf-8,false,200,0,0,9,,,"Fotoğrafları doğrudan tarayıcınızda birleştirin, bölün, sıkıştırın, dönüştürün ve işleyin. WebAssembly aracılığıyla %100 çevrimdışı. Ücretsiz, sınırsız ve son derece güvenli.",,,brush,true
21,https://helpmyimg.com/ru/rasshirennyy-redaktor/,Профессиональная фотостудия «Все в одном» - HelpMyIMG,text/html; charset=utf-8,false,200,0,0,13,,,"Объединяйте, разделяйте, сжимайте, конвертируйте и обрабатывайте фотографии прямо в браузере. 100% автономный режим через WebAssembly. Бесплатно, безлимитно и очень безопасно.",,,design,true
21,https://helpmyimg.com/tl/watermarkbulk/,Magdagdag ng watermark - HelpMyIMG,text/html; charset=utf-8,false,200,0,0,10,,,"Pagsamahin, hatiin, i-compress, i-convert, at iproseso ang mga larawan nang direkta sa iyong browser. 100% offline sa pamamagitan ng WebAssembly. Libre, walang limitasyon, at lubos na secure.",,,watermarkbulk,true
21,https://helpmyimg.com/tr/resim-dondur/,Profesyonel Fotoğraf Stüdyosu ve Toplu Araç Seti - HelpMyIMG,text/html; charset=utf-8,false,200,0,0,14,,,"Fotoğrafları doğrudan tarayıcınızda birleştirin, bölün, sıkıştırın, dönüştürün ve işleyin. WebAssembly aracılığıyla %100 çevrimdışı. Ücretsiz, sınırsız ve son derece güvenli.",,,rotate,true
21,https://helpmyimg.com/uk/povernuty-zobrazhennya/,Професійна фотостудія та набір інструментів - HelpMyIMG,text/html; charset=utf-8,false,200,0,0,11,,,"Комбінуйте, розділяйте, стискайте, конвертуйте та обробляйте фотографії безпосередньо у вашому браузері. 100% офлайн через WebAssembly. Безкоштовний, необмежений і дуже безпечний.",,,rotate,true
21,https://helpmyimg.com/sv/vattenstampel/,©️ Vattenmärke min bild - HelpMyIMG,text/html; charset=utf-8,false,200,0,0,10,,,"Kombinera, dela, komprimera, konvertera och bearbeta foton direkt i din webbläsare. 100 % offline via WebAssembly. Gratis, obegränsad och mycket säker.",,,watermark,true
21,https://helpmyimg.com/pl/zaawansowany-edytor/,Profesjonalne studio fotograficzne i zestaw narzędzi zbiorczych - HelpMyIMG,text/html; charset=utf-8,false,200,0,0,14,,,"Łącz, dziel, kompresuj, konwertuj i przetwarzaj zdjęcia bezpośrednio w przeglądarce. 100% offline poprzez WebAssembly. Bezpłatny, nieograniczony i wysoce bezpieczny.",,,design,true
21,https://helpmyimg.com/hi/rang-chunen/,पेशेवर ऑल-इन-वन फ़ोटो स्टूडियो और बल्क एडिटर - HelpMyIMG,text/html; charset=utf-8,false,200,0,0,16,,,"फ़ोटो को सीधे अपने ब्राउज़र में संयोजित करें, विभाजित करें, संपीड़ित करें, रूपांतरित करें और संसाधित करें। WebAssembly के माध्यम से 100% ऑफ़लाइन। मुफ़्त, असीमित और अत्यधिक सुरक्षित।",,,picker,true
21,https://helpmyimg.com/tl/tagapili-kulay/,Propesyonal na Photo Studio at Bulk Toolkit - HelpMyIMG,text/html; charset=utf-8,false,200,0,0,14,,,"Pagsamahin, hatiin, i-compress, i-convert, at iproseso ang mga larawan nang direkta sa iyong browser. 100% offline sa pamamagitan ng WebAssembly. Libre, walang limitasyon, at lubos na secure.",,,picker,true
21,https://helpmyimg.com/th/tat-rup-phap/,สตูดิโอถ่ายภาพระดับมืออาชีพและชุดเครื่องมือจำนวนมาก - HelpMyIMG,text/html; charset=utf-8,false,200,0,0,6,,,รวม แยก บีบอัด แปลง และประมวลผลรูปภาพได้โดยตรงในเบราว์เซอร์ของคุณ ออฟไลน์ 100% ผ่าน WebAssembly ฟรี ไม่จำกัด และมีความปลอดภัยสูง,,,crop,true
21,https://helpmyimg.com/fi/varipaletti/,Ammattimainen valokuvastudio ja joukkotyökalupakki - HelpMyIMG,text/html; charset=utf-8,false,200,0,0,11,,,"Yhdistä, jaa, pakkaa, muunna ja käsittele valokuvia suoraan selaimessasi. 100 % offline-tilassa WebAssemblyn kautta. Ilmainen, rajoittamaton ja erittäin turvallinen.",,,picker,true
21,https://helpmyimg.com/ro/magic-brush/,Pensulă Manuală - HelpMyIMG,text/html; charset=utf-8,false,200,0,0,8,,,"Combinați, împărțiți, comprimați, convertiți și procesați fotografiile direct în browser. 100% offline prin WebAssembly. Gratuit, nelimitat și foarte sigur.",,,brush,true
21,https://helpmyimg.com/nl/achtergrond-wijzigen/,Biometrische paspoortfoto achtergrondkleurwisselaar online - HelpMyIMG,text/html; charset=utf-8,false,200,0,0,10,,,"Combineer, splits, comprimeer, converteer en verwerk foto's rechtstreeks in uw browser. 100% offline via WebAssembly. Gratis, onbeperkt en zeer veilig.",,,color,true
21,https://helpmyimg.com/th/webp-jpg/,แปลง WEBP เป็น JPG ฟรี - โปรแกรมแปลงรูปภาพ - HelpMyIMG,text/html; charset=utf-8,false,200,0,0,43,,,รวม แยก บีบอัด แปลง และประมวลผลรูปภาพได้โดยตรงในเบราว์เซอร์ของคุณ ออฟไลน์ 100% ผ่าน WebAssembly ฟรี ไม่จำกัด และมีความปลอดภัยสูง,,,เครื่องมือแปลง WEBP เป็น JPG ที่เร็วที่สุด,true
21,https://helpmyimg.com/pl/magic-brush/,Pędzel Ręczny - HelpMyIMG,text/html; charset=utf-8,false,200,0,0,9,,,"Łącz, dziel, kompresuj, konwertuj i przetwarzaj zdjęcia bezpośrednio w przeglądarce. 100% offline poprzez WebAssembly. Bezpłatny, nieograniczony i wysoce bezpieczny.",,,brush,true
21,https://helpmyimg.com/tl/compress-image-to-50kb/,I-compress ang larawan sa 50KB - HelpMyIMG,text/html; charset=utf-8,false,200,0,0,12,,,"Pagsamahin, hatiin, i-compress, i-convert, at iproseso ang mga larawan nang direkta sa iyong browser. 100% offline sa pamamagitan ng WebAssembly. Libre, walang limitasyon, at lubos na secure.",,,compress50kb,true
21,https://helpmyimg.com/ja/webpjpg/,WEBP を JPG に無料で変換 - 画像コンバーター - HelpMyIMG,text/html; charset=utf-8,false,200,0,0,36,,,ブラウザ内で写真を直接結合、分割、圧縮、変換、処理できます。 WebAssembly 経由で 100% オフライン。無料、無制限、そして非常に安全です。,,,最速のWEBPからJPGへのコンバーター,true
21,https://helpmyimg.com/en/crop-image/,Professional Photo Studio & Bulk Toolkit - HelpMyIMG,text/html; charset=utf-8,false,200,0,0,13,,,"Combine, split, compress, convert, and process photos directly in your browser. 100% offline via WebAssembly. Free, unlimited, and highly secure.",,,crop,true
21,https://helpmyimg.com/fi/vaihda-tausta/,Biometrisen passin valokuvan taustavärin vaihtaja verkossa - HelpMyIMG,text/html; charset=utf-8,false,200,0,0,13,,,"Yhdistä, jaa, pakkaa, muunna ja käsittele valokuvia suoraan selaimessasi. 100 % offline-tilassa WebAssemblyn kautta. Ilmainen, rajoittamaton ja erittäin turvallinen.",,,color,true
21,https://helpmyimg.com/th/200kb/,บีบอัดรูปภาพเป็น 200KB - ตัวลดคุณภาพสูง - HelpMyIMG,text/html; charset=utf-8,false,200,0,0,45,,,รวม แยก บีบอัด แปลง และประมวลผลรูปภาพได้โดยตรงในเบราว์เซอร์ของคุณ ออฟไลน์ 100% ผ่าน WebAssembly ฟรี ไม่จำกัด และมีความปลอดภัยสูง,,,ย่อรูปภาพให้เหลือ 200KB โดยไม่สูญเสียรายละเอียด,true
21,https://helpmyimg.com/zh/quchu-beijing/,✂️ AI 智能抠图 - HelpMyIMG,text/html; charset=utf-8,false,200,0,0,12,,,直接在浏览器中组合、分割、压缩、转换和处理照片。通过 WebAssembly 100% 离线。免费、无限制且高度安全。,,,淘宝、抖音与跨境电商产品智能抠图 (100%本地隐私保护),true
21,https://helpmyimg.com/fi/sumentaa-kasvot/,Ammattimainen valokuvastudio ja joukkotyökalupakki - HelpMyIMG,text/html; charset=utf-8,false,200,0,0,11,,,"Yhdistä, jaa, pakkaa, muunna ja käsittele valokuvia suoraan selaimessasi. 100 % offline-tilassa WebAssemblyn kautta. Ilmainen, rajoittamaton ja erittäin turvallinen.",,,blurface,true
21,https://helpmyimg.com/de/wasserzeichen/,©️ Mein Bild mit einem Wasserzeichen versehen - HelpMyIMG,text/html; charset=utf-8,false,200,0,0,14,,,"Kombinieren, teilen, komprimieren, konvertieren und verarbeiten Sie Fotos direkt in Ihrem Browser. 100 % offline über WebAssembly. Kostenlos, unbegrenzt und äußerst sicher.",,,watermark,true
21,https://helpmyimg.com/ro/filigran/,©️ Filigran imaginea mea - HelpMyIMG,text/html; charset=utf-8,false,200,0,0,10,,,"Combinați, împărțiți, comprimați, convertiți și procesați fotografiile direct în browser. 100% offline prin WebAssembly. Gratuit, nelimitat și foarte sigur.",,,watermark,true
21,https://helpmyimg.com/tl/magic-brush/,Manu-manong Brush - HelpMyIMG,text/html; charset=utf-8,false,200,0,0,9,,,"Pagsamahin, hatiin, i-compress, i-convert, at iproseso ang mga larawan nang direkta sa iyong browser. 100% offline sa pamamagitan ng WebAssembly. Libre, walang limitasyon, at lubos na secure.",,,brush,true
21,https://helpmyimg.com/th/blur-license-plate/,Blur License Plate Online - เซ็นเซอร์ความเป็นส่วนตัวอัตโนมัติ - HelpMyIMG,text/html; charset=utf-8,false,200,0,0,31,,,รวม แยก บีบอัด แปลง และประมวลผลรูปภาพได้โดยตรงในเบราว์เซอร์ของคุณ ออฟไลน์ 100% ผ่าน WebAssembly ฟรี ไม่จำกัด และมีความปลอดภัยสูง,,,เซ็นเซอร์ป้ายทะเบียนรถอย่างรวดเร็ว,true
21,https://helpmyimg.com/fr/pipette-couleur/,Studio Photo Professionnel & Boîte à Outils - HelpMyIMG,text/html; charset=utf-8,false,200,0,0,14,,,"Combinez, divisez, compressez, convertissez et traitez des photos directement dans votre navigateur. 100% hors ligne via WebAssembly. Gratuit, illimité et hautement sécurisé.",,,picker,true
21,https://helpmyimg.com/fr/pivoter-image/,Studio Photo Professionnel & Boîte à Outils - HelpMyIMG,text/html; charset=utf-8,false,200,0,0,14,,,"Combinez, divisez, compressez, convertissez et traitez des photos directement dans votre navigateur. 100% hors ligne via WebAssembly. Gratuit, illimité et hautement sécurisé.",,,rotate,true
21,https://helpmyimg.com/ar/tamwih-al-wajh/,الاستوديو الاحترافي الشامل لتحرير الصور والمعالجة الجماعية - HelpMyIMG,text/html; charset=utf-8,false,200,0,0,13,,,قم بدمج الصور وتقسيمها وضغطها وتحويلها ومعالجتها مباشرة في متصفحك.غير متصل بالإنترنت بنسبة 100% عبر WebAssembly.مجاني وغير محدود وآمن للغاية.,,,blurface,true
21,https://helpmyimg.com/hu/fejlett-szerkeszto/,Professzionális fotóstúdió és tömeges eszközkészlet - HelpMyIMG,text/html; charset=utf-8,false,200,0,0,12,,,"Kombinálja, osztja fel, tömörítse, konvertálja és dolgozza fel a fényképeket közvetlenül a böngészőben. 100%-ban offline a WebAssembly segítségével. Ingyenes, korlátlan és rendkívül biztonságos.",,,design,true
21,https://helpmyimg.com/el/ydatografima/,©️ Υδατογράφημα στην εικόνα μου - HelpMyIMG,text/html; charset=utf-8,false,200,0,0,11,,,"Συνδυάστε, διαχωρίστε, συμπιέστε, μετατρέψτε και επεξεργαστείτε φωτογραφίες απευθείας στο πρόγραμμα περιήγησής σας. 100% εκτός σύνδεσης μέσω WebAssembly. Δωρεάν, απεριόριστη και εξαιρετικά ασφαλής.",,,watermark,true
21,https://helpmyimg.com/ru/izmenit-fon/,"Биометрический паспорт, фото фона, смена цвета онлайн - HelpMyIMG",text/html; charset=utf-8,false,200,0,0,14,,,"Объединяйте, разделяйте, сжимайте, конвертируйте и обрабатывайте фотографии прямо в браузере. 100% автономный режим через WebAssembly. Бесплатно, безлимитно и очень безопасно.",,,color,true
21,https://helpmyimg.com/th/remove-person-from-photo/,ลบบุคคลออกจากภาพถ่าย - ยางลบ Photobomb ฟรี - HelpMyIMG,text/html; charset=utf-8,false,200,0,0,26,,,รวม แยก บีบอัด แปลง และประมวลผลรูปภาพได้โดยตรงในเบราว์เซอร์ของคุณ ออฟไลน์ 100% ผ่าน WebAssembly ฟรี ไม่จำกัด และมีความปลอดภัยสูง,,,ลบผู้คนและโฟโต้บอมเบอร์ทันที,true
21,https://helpmyimg.com/hi/watermark-lagao/,©️ वॉटरमार्क मेरी छवि - HelpMyIMG,text/html; charset=utf-8,false,200,0,0,13,,,"फ़ोटो को सीधे अपने ब्राउज़र में संयोजित करें, विभाजित करें, संपीड़ित करें, रूपांतरित करें और संसाधित करें। WebAssembly के माध्यम से 100% ऑफ़लाइन। मुफ़्त, असीमित और अत्यधिक सुरक्षित।",,,watermark,true
21,https://helpmyimg.com/id/buat-watermark/,©️ Beri Watermark - HelpMyIMG,text/html; charset=utf-8,false,200,0,0,11,,,"Gabungkan, pisahkan, kompres, konversi, dan proses foto langsung di browser Anda. 100% offline melalui WebAssembly. Gratis, tidak terbatas, dan sangat aman.",,,watermark,true
21,https://helpmyimg.com/pt/cortar-imagem/,Estúdio Fotográfico Profissional Tudo-em-Um - HelpMyIMG,text/html; charset=utf-8,false,200,0,0,10,,,"Combine, divida, compacte, converta e processe fotos diretamente no seu navegador. 100% off-line via WebAssembly. Gratuito, ilimitado e altamente seguro.",,,crop,true
21,https://helpmyimg.com/ms/pangkas-imej/,Studio Foto Profesional & Kit Alat Pukal - HelpMyIMG,text/html; charset=utf-8,false,200,0,0,13,,,"Gabungkan, belah, mampatkan, tukar dan proses foto terus dalam penyemak imbas anda. 100% di luar talian melalui WebAssembly. Percuma, tidak terhad dan sangat selamat.",,,crop,true
21,https://helpmyimg.com/id/ambil-warna-gambar/,Studio Foto & Pengeditan Massal Profesional - HelpMyIMG,text/html; charset=utf-8,false,200,0,0,14,,,"Gabungkan, pisahkan, kompres, konversi, dan proses foto langsung di browser Anda. 100% offline melalui WebAssembly. Gratis, tidak terbatas, dan sangat aman.",,,picker,true
21,https://helpmyimg.com/id/potong-gambar/,Studio Foto & Pengeditan Massal Profesional - HelpMyIMG,text/html; charset=utf-8,false,200,0,0,14,,,"Gabungkan, pisahkan, kompres, konversi, dan proses foto langsung di browser Anda. 100% offline melalui WebAssembly. Gratis, tidak terbatas, dan sangat aman.",,,crop,true
21,https://helpmyimg.com/de/fortgeschrittener-editor/,Professionelles All-in-One Fotostudio & Toolkit - HelpMyIMG,text/html; charset=utf-8,false,200,0,0,12,,,"Kombinieren, teilen, komprimieren, konvertieren und verarbeiten Sie Fotos direkt in Ihrem Browser. 100 % offline über WebAssembly. Kostenlos, unbegrenzt und äußerst sicher.",,,design,true
21,https://helpmyimg.com/cs/oriznuti-obrazku/,Profesionální fotografické studio a sada nástrojů pro hromadné zpracování - HelpMyIMG,text/html; charset=utf-8,false,200,0,0,16,,,"Kombinujte, rozdělujte, komprimujte, převádějte a zpracovávajte fotografie přímo ve vašem prohlížeči.100% offline přes WebAssembly.Zdarma, neomezené a vysoce bezpečné.",,,crop,true
21,https://helpmyimg.com/es/selector-de-color/,Estudio Fotográfico Profesional Todo en Uno - HelpMyIMG,text/html; charset=utf-8,false,200,0,0,12,,,"Combine, divida, comprima, convierta y procese fotografías directamente en su navegador. 100% sin conexión a través de WebAssembly. Gratis, ilimitado y muy seguro.",,,picker,true
21,https://helpmyimg.com/ru/razmyt-litso/,Профессиональная фотостудия «Все в одном» - HelpMyIMG,text/html; charset=utf-8,false,200,0,0,13,,,"Объединяйте, разделяйте, сжимайте, конвертируйте и обрабатывайте фотографии прямо в браузере. 100% автономный режим через WebAssembly. Бесплатно, безлимитно и очень безопасно.",,,blurface,true
21,https://helpmyimg.com/he/orech-itzuv/,סטודיו לצילום מקצועי וערכת כלים בתפזורת - HelpMyIMG,text/html; charset=utf-8,false,200,0,0,12,,,"שלב, פצל, דחס, המר ועבד תמונות ישירות בדפדפן שלך. 100% לא מקוון באמצעות WebAssembly. חינם, ללא הגבלה, ומאובטח מאוד.",,,design,true
21,https://helpmyimg.com/hi/background-badlo/,बायोमेट्रिक पासपोर्ट फोटो पृष्ठभूमि रंग परिवर्तक ऑनलाइन - HelpMyIMG,text/html; charset=utf-8,false,200,0,0,16,,,"फ़ोटो को सीधे अपने ब्राउज़र में संयोजित करें, विभाजित करें, संपीड़ित करें, रूपांतरित करें और संसाधित करें। WebAssembly के माध्यम से 100% ऑफ़लाइन। मुफ़्त, असीमित और अत्यधिक सुरक्षित।",,,color,true
21,https://helpmyimg.com/vi/dong-dau-anh/,©️ Hình mờ hình ảnh của tôi - HelpMyIMG,text/html; charset=utf-8,false,200,0,0,15,,,"Kết hợp, tách, nén, chuyển đổi và xử lý ảnh trực tiếp trong trình duyệt của bạn. Ngoại tuyến 100% qua WebAssugging. Miễn phí, không giới hạn và có tính bảo mật cao.",,,watermark,true
21,https://helpmyimg.com/ru/povernut-izobrazhenie/,Профессиональная фотостудия «Все в одном» - HelpMyIMG,text/html; charset=utf-8,false,200,0,0,13,,,"Объединяйте, разделяйте, сжимайте, конвертируйте и обрабатывайте фотографии прямо в браузере. 100% автономный режим через WebAssembly. Бесплатно, безлимитно и очень безопасно.",,,rotate,true
21,https://helpmyimg.com/tl/i-rotate-larawan/,Propesyonal na Photo Studio at Bulk Toolkit - HelpMyIMG,text/html; charset=utf-8,false,200,0,0,14,,,"Pagsamahin, hatiin, i-compress, i-convert, at iproseso ang mga larawan nang direkta sa iyong browser. 100% offline sa pamamagitan ng WebAssembly. Libre, walang limitasyon, at lubos na secure.",,,rotate,true
21,https://helpmyimg.com/zh/convertwebp/,免费将 WEBP 转换为 JPG - 图像转换器 - HelpMyIMG,text/html; charset=utf-8,false,200,0,0,11,,,直接在浏览器中组合、分割、压缩、转换和处理照片。通过 WebAssembly 100% 离线。免费、无限制且高度安全。,,,convertwebp,true
21,https://helpmyimg.com/tr/arka-plan-degistir/,Biyometrik Pasaport Fotoğrafı Arka Plan Renk Değiştirici Çevrimiçi - HelpMyIMG,text/html; charset=utf-8,false,200,0,0,15,,,"Fotoğrafları doğrudan tarayıcınızda birleştirin, bölün, sıkıştırın, dönüştürün ve işleyin. WebAssembly aracılığıyla %100 çevrimdışı. Ücretsiz, sınırsız ve son derece güvenli.",,,color,true
21,https://helpmyimg.com/vi/trinh-chinh-sua/,Studio ảnh chuyên nghiệp & Bộ công cụ hàng loạt - HelpMyIMG,text/html; charset=utf-8,false,200,0,0,18,,,"Kết hợp, tách, nén, chuyển đổi và xử lý ảnh trực tiếp trong trình duyệt của bạn. Ngoại tuyến 100% qua WebAssugging. Miễn phí, không giới hạn và có tính bảo mật cao.",,,design,true
21,https://helpmyimg.com/zh/removeperson/,从照片中删除人物 - 免费照片炸弹橡皮擦 - HelpMyIMG,text/html; charset=utf-8,false,200,0,0,8,,,直接在浏览器中组合、分割、压缩、转换和处理照片。通过 WebAssembly 100% 离线。免费、无限制且高度安全。,,,removeperson,true
21,https://helpmyimg.com/it/selettore-colore/,Studio fotografico professionale e kit di strumenti in blocco - HelpMyIMG,text/html; charset=utf-8,false,200,0,0,15,,,"Combina, dividi, comprimi, converti ed elabora le foto direttamente nel tuo browser. 100% offline tramite WebAssembly. Gratuito, illimitato e altamente sicuro.",,,picker,true
21,https://helpmyimg.com/it/filigrana/,©️ Filigrana la mia immagine - HelpMyIMG,text/html; charset=utf-8,false,200,0,0,11,,,"Combina, dividi, comprimi, converti ed elabora le foto direttamente nel tuo browser. 100% offline tramite WebAssembly. Gratuito, illimitato e altamente sicuro.",,,watermark,true
21,https://helpmyimg.com/no/fjern-bakgrunn/,✂️ Fjern Bakgrunn - HelpMyIMG,text/html; charset=utf-8,false,200,0,0,48,,,"Kombiner, del, komprimer, konverter og bearbeid bilder direkte i nettleseren din. 100 % offline via WebAssembly. Gratis, ubegrenset og svært sikker.",,,AI Bakgrunnsfjerner for Nettbutikker og Produktbilder,true
21,https://helpmyimg.com/de/magic-brush/,Manueller Pinsel - HelpMyIMG,text/html; charset=utf-8,false,200,0,0,9,,,"Kombinieren, teilen, komprimieren, konvertieren und verarbeiten Sie Fotos direkt in Ihrem Browser. 100 % offline über WebAssembly. Kostenlos, unbegrenzt und äußerst sicher.",,,brush,true
21,https://helpmyimg.com/tl/resize-image-for-instagram/,I-resize para sa Instagram - HelpMyIMG,text/html; charset=utf-8,false,200,0,0,11,,,"Pagsamahin, hatiin, i-compress, i-convert, at iproseso ang mga larawan nang direkta sa iyong browser. 100% offline sa pamamagitan ng WebAssembly. Libre, walang limitasyon, at lubos na secure.",,,resizeig,true
21,https://helpmyimg.com/pt/seletor-de-cores/,Estúdio Fotográfico Profissional Tudo-em-Um - HelpMyIMG,text/html; charset=utf-8,false,200,0,0,10,,,"Combine, divida, compacte, converta e processe fotos diretamente no seu navegador. 100% off-line via WebAssembly. Gratuito, ilimitado e altamente seguro.",,,picker,true
21,https://helpmyimg.com/es/marca-de-agua/,©️ Marca de agua en mi imagen - HelpMyIMG,text/html; charset=utf-8,false,200,0,0,13,,,"Combine, divida, comprima, convierta y procese fotografías directamente en su navegador. 100% sin conexión a través de WebAssembly. Gratis, ilimitado y muy seguro.",,,watermark,true
21,https://helpmyimg.com/da/roter-billede/,Professionelt fotostudie og bulk-værktøjssæt - HelpMyIMG,text/html; charset=utf-8,false,200,0,0,11,,,"Kombiner, opdel, komprimer, konverter og bearbejd billeder direkte i din browser. 100 % offline via WebAssembly. Gratis, ubegrænset og meget sikker.",,,rotate,true
21,https://helpmyimg.com/fr/changer-fond/,Changeur de couleur de fond de photo de passeport biométrique en ligne - HelpMyIMG,text/html; charset=utf-8,false,200,0,0,19,,,"Combinez, divisez, compressez, convertissez et traitez des photos directement dans votre navigateur. 100% hors ligne via WebAssembly. Gratuit, illimité et hautement sécurisé.",,,color,true
21,https://helpmyimg.com/de/gesicht-verwischen/,Professionelles All-in-One Fotostudio & Toolkit - HelpMyIMG,text/html; charset=utf-8,false,200,0,0,12,,,"Kombinieren, teilen, komprimieren, konvertieren und verarbeiten Sie Fotos direkt in Ihrem Browser. 100 % offline über WebAssembly. Kostenlos, unbegrenzt und äußerst sicher.",,,blurface,true
21,https://helpmyimg.com/uk/rozshyrenyy-redaktor/,Професійна фотостудія та набір інструментів - HelpMyIMG,text/html; charset=utf-8,false,200,0,0,11,,,"Комбінуйте, розділяйте, стискайте, конвертуйте та обробляйте фотографії безпосередньо у вашому браузері. 100% офлайн через WebAssembly. Безкоштовний, необмежений і дуже безпечний.",,,design,true
21,https://helpmyimg.com/ro/rotire-imagine/,Studio foto profesional și set de instrumente în vrac - HelpMyIMG,text/html; charset=utf-8,false,200,0,0,15,,,"Combinați, împărțiți, comprimați, convertiți și procesați fotografiile direct în browser. 100% offline prin WebAssembly. Gratuit, nelimitat și foarte sigur.",,,rotate,true
21,https://helpmyimg.com/hu/magic-brush/,Kézi Ecset - HelpMyIMG,text/html; charset=utf-8,false,200,0,0,9,,,"Kombinálja, osztja fel, tömörítse, konvertálja és dolgozza fel a fényképeket közvetlenül a böngészőben. 100%-ban offline a WebAssembly segítségével. Ingyenes, korlátlan és rendkívül biztonságos.",,,brush,true
21,https://helpmyimg.com/en/image-color-picker/,Professional Photo Studio & Bulk Toolkit - HelpMyIMG,text/html; charset=utf-8,false,200,0,0,13,,,"Combine, split, compress, convert, and process photos directly in your browser. 100% offline via WebAssembly. Free, unlimited, and highly secure.",,,picker,true
21,https://helpmyimg.com/uk/vydalyty-tlo/,✂️ Видалити Фон - HelpMyIMG,text/html; charset=utf-8,false,200,0,0,46,,,"Комбінуйте, розділяйте, стискайте, конвертуйте та обробляйте фотографії безпосередньо у вашому браузері. 100% офлайн через WebAssembly. Безкоштовний, необмежений і дуже безпечний.",,,Видалення фону для товарів маркетплейсів Rozetka та Prom.ua,true
21,https://helpmyimg.com/ms/pemilih-warna/,Studio Foto Profesional & Kit Alat Pukal - HelpMyIMG,text/html; charset=utf-8,false,200,0,0,13,,,"Gabungkan, belah, mampatkan, tukar dan proses foto terus dalam penyemak imbas anda. 100% di luar talian melalui WebAssembly. Percuma, tidak terhad dan sangat selamat.",,,picker,true
21,https://helpmyimg.com/zh/caijian-tupian/,专业级一站式批量图像处理与摄影工作室 - HelpMyIMG,text/html; charset=utf-8,false,200,0,0,6,,,直接在浏览器中组合、分割、压缩、转换和处理照片。通过 WebAssembly 100% 离线。免费、无限制且高度安全。,,,crop,true
21,https://helpmyimg.com/uk/rozmyty-oblychchya/,Професійна фотостудія та набір інструментів - HelpMyIMG,text/html; charset=utf-8,false,200,0,0,11,,,"Комбінуйте, розділяйте, стискайте, конвертуйте та обробляйте фотографії безпосередньо у вашому браузері. 100% офлайн через WebAssembly. Безкоштовний, необмежений і дуже безпечний.",,,blurface,true
21,https://helpmyimg.com/ko/woteomakeu/,©️ 내 이미지 워터마크 - HelpMyIMG,text/html; charset=utf-8,false,200,0,0,11,,,"브라우저에서 직접 사진을 결합, 분할, 압축, 변환 및 처리합니다. WebAssembly를 통해 100% 오프라인. 무료이며 무제한이며 매우 안전합니다.",,,watermark,true
21,https://helpmyimg.com/fi/kehittynyt-editori/,Ammattimainen valokuvastudio ja joukkotyökalupakki - HelpMyIMG,text/html; charset=utf-8,false,200,0,0,11,,,"Yhdistä, jaa, pakkaa, muunna ja käsittele valokuvia suoraan selaimessasi. 100 % offline-tilassa WebAssemblyn kautta. Ilmainen, rajoittamaton ja erittäin turvallinen.",,,design,true
21,https://helpmyimg.com/ro/editor-avansat/,Studio foto profesional și set de instrumente în vrac - HelpMyIMG,text/html; charset=utf-8,false,200,0,0,15,,,"Combinați, împărțiți, comprimați, convertiți și procesați fotografiile direct în browser. 100% offline prin WebAssembly. Gratuit, nelimitat și foarte sigur.",,,design,true
21,https://helpmyimg.com/vi/doi-nen/,Sinh trắc học Ảnh hộ chiếu Đổi màu nền trực tuyến - HelpMyIMG,text/html; charset=utf-8,false,200,0,0,19,,,"Kết hợp, tách, nén, chuyển đổi và xử lý ảnh trực tiếp trong trình duyệt của bạn. Ngoại tuyến 100% qua WebAssugging. Miễn phí, không giới hạn và có tính bảo mật cao.",,,color,true
21,https://helpmyimg.com/tl/watermark/,©️ Watermark Aking Larawan - HelpMyIMG,text/html; charset=utf-8,false,200,0,0,11,,,"Pagsamahin, hatiin, i-compress, i-convert, at iproseso ang mga larawan nang direkta sa iyong browser. 100% offline sa pamamagitan ng WebAssembly. Libre, walang limitasyon, at lubos na secure.",,,watermark,true
21,https://helpmyimg.com/no/sladd-ansikt/,Profesjonelt fotostudio og bulkverktøysett - HelpMyIMG,text/html; charset=utf-8,false,200,0,0,11,,,"Kombiner, del, komprimer, konverter og bearbeid bilder direkte i nettleseren din. 100 % offline via WebAssembly. Gratis, ubegrenset og svært sikker.",,,blurface,true
21,https://helpmyimg.com/he/shinui-reka/,מחלף צבעי רקע של תמונת דרכון ביומטרי באינטרנט - HelpMyIMG,text/html; charset=utf-8,false,200,0,0,14,,,"שלב, פצל, דחס, המר ועבד תמונות ישירות בדפדפן שלך. 100% לא מקוון באמצעות WebAssembly. חינם, ללא הגבלה, ומאובטח מאוד.",,,color,true
21,https://helpmyimg.com/no/beskjaer-bilde/,Profesjonelt fotostudio og bulkverktøysett - HelpMyIMG,text/html; charset=utf-8,false,200,0,0,11,,,"Kombiner, del, komprimer, konverter og bearbeid bilder direkte i nettleseren din. 100 % offline via WebAssembly. Gratis, ubegrenset og svært sikker.",,,crop,true
21,https://helpmyimg.com/sv/rotera-bild/,Professionell fotostudio & Bulk Toolkit - HelpMyIMG,text/html; charset=utf-8,false,200,0,0,11,,,"Kombinera, dela, komprimera, konvertera och bearbeta foton direkt i din webbläsare. 100 % offline via WebAssembly. Gratis, obegränsad och mycket säker.",,,rotate,true
21,https://helpmyimg.com/th/plian-phun-lang/,เปลี่ยนสีพื้นหลังภาพถ่ายหนังสือเดินทางไบโอเมตริกซ์ออนไลน์ - HelpMyIMG,text/html; charset=utf-8,false,200,0,0,6,,,รวม แยก บีบอัด แปลง และประมวลผลรูปภาพได้โดยตรงในเบราว์เซอร์ของคุณ ออฟไลน์ 100% ผ่าน WebAssembly ฟรี ไม่จำกัด และมีความปลอดภัยสูง,,,color,true
21,https://helpmyimg.com/ms/tukar-latar-belakang/,Penukar Warna Latar Belakang Foto Pasport Biometrik Dalam Talian - HelpMyIMG,text/html; charset=utf-8,false,200,0,0,15,,,"Gabungkan, belah, mampatkan, tukar dan proses foto terus dalam penyemak imbas anda. 100% di luar talian melalui WebAssembly. Percuma, tidak terhad dan sangat selamat.",,,color,true
21,https://helpmyimg.com/ja/resize-photo-to-passport-size/,写真のサイズをパスポートサイズに変更 - ビザとIDメーカー - HelpMyIMG,text/html; charset=utf-8,false,200,0,0,31,,,ブラウザ内で写真を直接結合、分割、圧縮、変換、処理できます。 WebAssembly 経由で 100% オフライン。無料、無制限、そして非常に安全です。,,,パスポートサイズの写真を瞬時に作成,true
21,https://helpmyimg.com/ro/schimbare-fundal/,Schimbator de culoare de fundal a fotografiilor de pașaport biometric online - HelpMyIMG,text/html; charset=utf-8,false,200,0,0,17,,,"Combinați, împărțiți, comprimați, convertiți și procesați fotografiile direct în browser. 100% offline prin WebAssembly. Gratuit, nelimitat și foarte sigur.",,,color,true
21,https://helpmyimg.com/el/perikopi-eikonas/,Επαγγελματικό Photo Studio & Bulk Toolkit - HelpMyIMG,text/html; charset=utf-8,false,200,0,0,12,,,"Συνδυάστε, διαχωρίστε, συμπιέστε, μετατρέψτε και επεξεργαστείτε φωτογραφίες απευθείας στο πρόγραμμα περιήγησής σας. 100% εκτός σύνδεσης μέσω WebAssembly. Δωρεάν, απεριόριστη και εξαιρετικά ασφαλής.",,,crop,true
21,https://helpmyimg.com/pl/zmien-tlo/,Zmieniacz koloru tła zdjęcia paszportu biometrycznego online - HelpMyIMG,text/html; charset=utf-8,false,200,0,0,14,,,"Łącz, dziel, kompresuj, konwertuj i przetwarzaj zdjęcia bezpośrednio w przeglądarce. 100% offline poprzez WebAssembly. Bezpłatny, nieograniczony i wysoce bezpieczny.",,,color,true
21,https://helpmyimg.com/vi/xoay-anh/,Studio ảnh chuyên nghiệp & Bộ công cụ hàng loạt - HelpMyIMG,text/html; charset=utf-8,false,200,0,0,18,,,"Kết hợp, tách, nén, chuyển đổi và xử lý ảnh trực tiếp trong trình duyệt của bạn. Ngoại tuyến 100% qua WebAssugging. Miễn phí, không giới hạn và có tính bảo mật cao.",,,rotate,true
21,https://helpmyimg.com/en/rotate-image/,Professional Photo Studio & Bulk Toolkit - HelpMyIMG,text/html; charset=utf-8,false,200,0,0,13,,,"Combine, split, compress, convert, and process photos directly in your browser. 100% offline via WebAssembly. Free, unlimited, and highly secure.",,,rotate,true
21,https://helpmyimg.com/id/putar-gambar/,Studio Foto & Pengeditan Massal Profesional - HelpMyIMG,text/html; charset=utf-8,false,200,0,0,14,,,"Gabungkan, pisahkan, kompres, konversi, dan proses foto langsung di browser Anda. 100% offline melalui WebAssembly. Gratis, tidak terbatas, dan sangat aman.",,,rotate,true
21,https://helpmyimg.com/pl/rozmycie-twarzy/,Profesjonalne studio fotograficzne i zestaw narzędzi zbiorczych - HelpMyIMG,text/html; charset=utf-8,false,200,0,0,14,,,"Łącz, dziel, kompresuj, konwertuj i przetwarzaj zdjęcia bezpośrednio w przeglądarce. 100% offline poprzez WebAssembly. Bezpłatny, nieograniczony i wysoce bezpieczny.",,,blurface,true
21,https://helpmyimg.com/ko/eolgul-beulleo/,전문가용 올인원 포토 스튜디오 & 대량 편집기 - HelpMyIMG,text/html; charset=utf-8,false,200,0,0,14,,,"브라우저에서 직접 사진을 결합, 분할, 압축, 변환 및 처리합니다. WebAssembly를 통해 100% 오프라인. 무료이며 무제한이며 매우 안전합니다.",,,blurface,true
21,https://helpmyimg.com/th/magic-brush/,แปรงแมนนวล - HelpMyIMG,text/html; charset=utf-8,false,200,0,0,6,,,รวม แยก บีบอัด แปลง และประมวลผลรูปภาพได้โดยตรงในเบราว์เซอร์ของคุณ ออฟไลน์ 100% ผ่าน WebAssembly ฟรี ไม่จำกัด และมีความปลอดภัยสูง,,,brush,true
21,https://helpmyimg.com/uk/zminyty-tlo/,Зміна кольору тла біометричної фотографії паспорта онлайн - HelpMyIMG,text/html; charset=utf-8,false,200,0,0,13,,,"Комбінуйте, розділяйте, стискайте, конвертуйте та обробляйте фотографії безпосередньо у вашому браузері. 100% офлайн через WebAssembly. Безкоштовний, необмежений і дуже безпечний.",,,color,true
21,https://helpmyimg.com/ru/obrezat-izobrazhenie/,Профессиональная фотостудия «Все в одном» - HelpMyIMG,text/html; charset=utf-8,false,200,0,0,13,,,"Объединяйте, разделяйте, сжимайте, конвертируйте и обрабатывайте фотографии прямо в браузере. 100% автономный режим через WebAssembly. Бесплатно, безлимитно и очень безопасно.",,,crop,true
21,https://helpmyimg.com/ro/decupare-imagine/,Studio foto profesional și set de instrumente în vrac - HelpMyIMG,text/html; charset=utf-8,false,200,0,0,15,,,"Combinați, împărțiți, comprimați, convertiți și procesați fotografiile direct în browser. 100% offline prin WebAssembly. Gratuit, nelimitat și foarte sigur.",,,crop,true
21,https://helpmyimg.com/ms/editor-reka-bentuk/,Studio Foto Profesional & Kit Alat Pukal - HelpMyIMG,text/html; charset=utf-8,false,200,0,0,13,,,"Gabungkan, belah, mampatkan, tukar dan proses foto terus dalam penyemak imbas anda. 100% di luar talian melalui WebAssembly. Percuma, tidak terhad dan sangat selamat.",,,design,true
21,https://helpmyimg.com/it/cambia-sfondo/,Cambia colore di sfondo biometrico per foto di passaporto online - HelpMyIMG,text/html; charset=utf-8,false,200,0,0,16,,,"Combina, dividi, comprimi, converti ed elabora le foto direttamente nel tuo browser. 100% offline tramite WebAssembly. Gratuito, illimitato e altamente sicuro.",,,color,true
21,https://helpmyimg.com/th/blae-na/,สตูดิโอถ่ายภาพระดับมืออาชีพและชุดเครื่องมือจำนวนมาก - HelpMyIMG,text/html; charset=utf-8,false,200,0,0,6,,,รวม แยก บีบอัด แปลง และประมวลผลรูปภาพได้โดยตรงในเบราว์เซอร์ของคุณ ออฟไลน์ 100% ผ่าน WebAssembly ฟรี ไม่จำกัด และมีความปลอดภัยสูง,,,blurface,true
21,https://helpmyimg.com/ko/dijain-editeo/,전문가용 올인원 포토 스튜디오 & 대량 편집기 - HelpMyIMG,text/html; charset=utf-8,false,200,0,0,14,,,"브라우저에서 직접 사진을 결합, 분할, 압축, 변환 및 처리합니다. WebAssembly를 통해 100% 오프라인. 무료이며 무제한이며 매우 안전합니다.",,,design,true
21,https://helpmyimg.com/el/epilogi-chromatos/,Επαγγελματικό Photo Studio & Bulk Toolkit - HelpMyIMG,text/html; charset=utf-8,false,200,0,0,12,,,"Συνδυάστε, διαχωρίστε, συμπιέστε, μετατρέψτε και επεξεργαστείτε φωτογραφίες απευθείας στο πρόγραμμα περιήγησής σας. 100% εκτός σύνδεσης μέσω WebAssembly. Δωρεάν, απεριόριστη και εξαιρετικά ασφαλής.",,,picker,true
21,https://helpmyimg.com/zh/tiaozheng-ins-chicun/,在线调整 Instagram 图像大小 - 无需裁剪 - HelpMyIMG,text/html; charset=utf-8,false,200,0,0,10,,,直接在浏览器中组合、分割、压缩、转换和处理照片。通过 WebAssembly 100% 离线。免费、无限制且高度安全。,,,resizeig,true
21,https://helpmyimg.com/ko/saek-chuchul/,전문가용 올인원 포토 스튜디오 & 대량 편집기 - HelpMyIMG,text/html; charset=utf-8,false,200,0,0,14,,,"브라우저에서 직접 사진을 결합, 분할, 압축, 변환 및 처리합니다. WebAssembly를 통해 100% 오프라인. 무료이며 무제한이며 매우 안전합니다.",,,picker,true
21,https://helpmyimg.com/da/skift-baggrund/,Biometrisk pasfoto baggrundsfarve skifter online - HelpMyIMG,text/html; charset=utf-8,false,200,0,0,12,,,"Kombiner, opdel, komprimer, konverter og bearbejd billeder direkte i din browser. 100 % offline via WebAssembly. Gratis, ubegrænset og meget sikker.",,,color,true
21,https://helpmyimg.com/vi/magic-brush/,Cọ Thủ Công - HelpMyIMG,text/html; charset=utf-8,false,200,0,0,11,,,"Kết hợp, tách, nén, chuyển đổi và xử lý ảnh trực tiếp trong trình duyệt của bạn. Ngoại tuyến 100% qua WebAssugging. Miễn phí, không giới hạn và có tính bảo mật cao.",,,brush,true
21,https://helpmyimg.com/el/peristrafi-eikonas/,Επαγγελματικό Photo Studio & Bulk Toolkit - HelpMyIMG,text/html; charset=utf-8,false,200,0,0,12,,,"Συνδυάστε, διαχωρίστε, συμπιέστε, μετατρέψτε και επεξεργαστείτε φωτογραφίες απευθείας στο πρόγραμμα περιήγησής σας. 100% εκτός σύνδεσης μέσω WebAssembly. Δωρεάν, απεριόριστη και εξαιρετικά ασφαλής.",,,rotate,true
21,https://helpmyimg.com/pl/obroc-obraz/,Profesjonalne studio fotograficzne i zestaw narzędzi zbiorczych - HelpMyIMG,text/html; charset=utf-8,false,200,0,0,14,,,"Łącz, dziel, kompresuj, konwertuj i przetwarzaj zdjęcia bezpośrednio w przeglądarce. 100% offline poprzez WebAssembly. Bezpłatny, nieograniczony i wysoce bezpieczny.",,,rotate,true
21,https://helpmyimg.com/ja/remove-person-from-photo/,写真から人物を削除 - 無料の Photobomb Eraser - HelpMyIMG,text/html; charset=utf-8,false,200,0,0,23,,,ブラウザ内で写真を直接結合、分割、圧縮、変換、処理できます。 WebAssembly 経由で 100% オフライン。無料、無制限、そして非常に安全です。,,,人物やフォトボマーを即座に消去,true
21,https://helpmyimg.com/tl/removelogo/,Alisin ang logo - HelpMyIMG,text/html; charset=utf-8,false,200,0,0,10,,,"Pagsamahin, hatiin, i-compress, i-convert, at iproseso ang mga larawan nang direkta sa iyong browser. 100% offline sa pamamagitan ng WebAssembly. Libre, walang limitasyon, at lubos na secure.",,,removelogo,true
21,https://helpmyimg.com/zh/yanse-xuanze/,专业级一站式批量图像处理与摄影工作室 - HelpMyIMG,text/html; charset=utf-8,false,200,0,0,6,,,直接在浏览器中组合、分割、压缩、转换和处理照片。通过 WebAssembly 100% 离线。免费、无限制且高度安全。,,,picker,true
21,https://helpmyimg.com/ar/qass-sura/,الاستوديو الاحترافي الشامل لتحرير الصور والمعالجة الجماعية - HelpMyIMG,text/html; charset=utf-8,false,200,0,0,13,,,قم بدمج الصور وتقسيمها وضغطها وتحويلها ومعالجتها مباشرة في متصفحك.غير متصل بالإنترنت بنسبة 100% عبر WebAssembly.مجاني وغير محدود وآمن للغاية.,,,crop,true
21,https://helpmyimg.com/ja/batch-watermark-photos/,ウォーターマーク写真のバッチ - 一括ロゴ追加 - HelpMyIMG,text/html; charset=utf-8,false,200,0,0,25,,,ブラウザ内で写真を直接結合、分割、圧縮、変換、処理できます。 WebAssembly 経由で 100% オフライン。無料、無制限、そして非常に安全です。,,,一度に数百枚の写真に透かしを入れる,true
21,https://helpmyimg.com/ms/tanda-air/,©️ Tera Air Imej Saya - HelpMyIMG,text/html; charset=utf-8,false,200,0,0,11,,,"Gabungkan, belah, mampatkan, tukar dan proses foto terus dalam penyemak imbas anda. 100% di luar talian melalui WebAssembly. Percuma, tidak terhad dan sangat selamat.",,,watermark,true
21,https://helpmyimg.com/hi/image-crop/,पेशेवर ऑल-इन-वन फ़ोटो स्टूडियो और बल्क एडिटर - HelpMyIMG,text/html; charset=utf-8,false,200,0,0,16,,,"फ़ोटो को सीधे अपने ब्राउज़र में संयोजित करें, विभाजित करें, संपीड़ित करें, रूपांतरित करें और संसाधित करें। WebAssembly के माध्यम से 100% ऑफ़लाइन। मुफ़्त, असीमित और अत्यधिक सुरक्षित।",,,crop,true
21,https://helpmyimg.com/uk/vodyanyy-znak/,©️ Водяний знак My Image - HelpMyIMG,text/html; charset=utf-8,false,200,0,0,11,,,"Комбінуйте, розділяйте, стискайте, конвертуйте та обробляйте фотографії безпосередньо у вашому браузері. 100% офлайн через WebAssembly. Безкоштовний, необмежений і дуже безпечний.",,,watermark,true
21,https://helpmyimg.com/ro/estompare-fata/,Studio foto profesional și set de instrumente în vrac - HelpMyIMG,text/html; charset=utf-8,false,200,0,0,15,,,"Combinați, împărțiți, comprimați, convertiți și procesați fotografiile direct în browser. 100% offline prin WebAssembly. Gratuit, nelimitat și foarte sigur.",,,blurface,true
21,https://helpmyimg.com/zh/yasuo-tupian-100kb/,免费在线将图像压缩至 100KB - 快速且私密 - HelpMyIMG,text/html; charset=utf-8,false,200,0,0,29,,,直接在浏览器中组合、分割、压缩、转换和处理照片。通过 WebAssembly 100% 离线。免费、无限制且高度安全。,,,compress100kb,true
21,https://helpmyimg.com/tl/removeperson/,Alisin ang tao - HelpMyIMG,text/html; charset=utf-8,false,200,0,0,10,,,"Pagsamahin, hatiin, i-compress, i-convert, at iproseso ang mga larawan nang direkta sa iyong browser. 100% offline sa pamamagitan ng WebAssembly. Libre, walang limitasyon, at lubos na secure.",,,removeperson,true
21,https://helpmyimg.com/th/khrueang-mue-ook-baeb/,สตูดิโอถ่ายภาพระดับมืออาชีพและชุดเครื่องมือจำนวนมาก - HelpMyIMG,text/html; charset=utf-8,false,200,0,0,6,,,รวม แยก บีบอัด แปลง และประมวลผลรูปภาพได้โดยตรงในเบราว์เซอร์ของคุณ ออฟไลน์ 100% ผ่าน WebAssembly ฟรี ไม่จำกัด และมีความปลอดภัยสูง,,,design,true
21,https://helpmyimg.com/ja/gazo-kaiten/,プロ仕様のオールインワン写真スタジオ - HelpMyIMG,text/html; charset=utf-8,false,200,0,0,6,,,ブラウザ内で写真を直接結合、分割、圧縮、変換、処理できます。 WebAssembly 経由で 100% オフライン。無料、無制限、そして非常に安全です。,,,rotate,true
21,https://helpmyimg.com/el/tholo-prosopo/,Επαγγελματικό Photo Studio & Bulk Toolkit - HelpMyIMG,text/html; charset=utf-8,false,200,0,0,12,,,"Συνδυάστε, διαχωρίστε, συμπιέστε, μετατρέψτε και επεξεργαστείτε φωτογραφίες απευθείας στο πρόγραμμα περιήγησής σας. 100% εκτός σύνδεσης μέσω WebAssembly. Δωρεάν, απεριόριστη και εξαιρετικά ασφαλής.",,,blurface,true
21,https://helpmyimg.com/tr/filigran/,©️ Resmimi Filigranla - HelpMyIMG,text/html; charset=utf-8,false,200,0,0,10,,,"Fotoğrafları doğrudan tarayıcınızda birleştirin, bölün, sıkıştırın, dönüştürün ve işleyin. WebAssembly aracılığıyla %100 çevrimdışı. Ücretsiz, sınırsız ve son derece güvenli.",,,watermark,true
21,https://helpmyimg.com/de/farbauswahl/,Professionelles All-in-One Fotostudio & Toolkit - HelpMyIMG,text/html; charset=utf-8,false,200,0,0,12,,,"Kombinieren, teilen, komprimieren, konvertieren und verarbeiten Sie Fotos direkt in Ihrem Browser. 100 % offline über WebAssembly. Kostenlos, unbegrenzt und äußerst sicher.",,,picker,true
21,https://helpmyimg.com/vi/chon-mau/,Studio ảnh chuyên nghiệp & Bộ công cụ hàng loạt - HelpMyIMG,text/html; charset=utf-8,false,200,0,0,18,,,"Kết hợp, tách, nén, chuyển đổi và xử lý ảnh trực tiếp trong trình duyệt của bạn. Ngoại tuyến 100% qua WebAssugging. Miễn phí, không giới hạn và có tính bảo mật cao.",,,picker,true
21,https://helpmyimg.com/fr/rogner-image/,Studio Photo Professionnel & Boîte à Outils - HelpMyIMG,text/html; charset=utf-8,false,200,0,0,14,,,"Combinez, divisez, compressez, convertissez et traitez des photos directement dans votre navigateur. 100% hors ligne via WebAssembly. Gratuit, illimité et hautement sécurisé.",,,crop,true
21,https://helpmyimg.com/zh/magic-brush/,手动修图画笔 - HelpMyIMG,text/html; charset=utf-8,false,200,0,0,6,,,直接在浏览器中组合、分割、压缩、转换和处理照片。通过 WebAssembly 100% 离线。免费、无限制且高度安全。,,,brush,true
21,https://helpmyimg.com/it/sfoca-viso/,Studio fotografico professionale e kit di strumenti in blocco - HelpMyIMG,text/html; charset=utf-8,false,200,0,0,15,,,"Combina, dividi, comprimi, converti ed elabora le foto direttamente nel tuo browser. 100% offline tramite WebAssembly. Gratuito, illimitato e altamente sicuro.",,,blurface,true
21,https://helpmyimg.com/ja/sukashi/,©️ 私の画像に透かしを入れる - HelpMyIMG,text/html; charset=utf-8,false,200,0,0,7,,,ブラウザ内で写真を直接結合、分割、圧縮、変換、処理できます。 WebAssembly 経由で 100% オフライン。無料、無制限、そして非常に安全です。,,,watermark,true
21,https://helpmyimg.com/de/bild-drehen/,Professionelles All-in-One Fotostudio & Toolkit - HelpMyIMG,text/html; charset=utf-8,false,200,0,0,12,,,"Kombinieren, teilen, komprimieren, konvertieren und verarbeiten Sie Fotos direkt in Ihrem Browser. 100 % offline über WebAssembly. Kostenlos, unbegrenzt und äußerst sicher.",,,rotate,true
21,https://helpmyimg.com/tl/colorwhite/,Gawing puti ang background - HelpMyIMG,text/html; charset=utf-8,false,200,0,0,11,,,"Pagsamahin, hatiin, i-compress, i-convert, at iproseso ang mga larawan nang direkta sa iyong browser. 100% offline sa pamamagitan ng WebAssembly. Libre, walang limitasyon, at lubos na secure.",,,colorwhite,true
21,https://helpmyimg.com/es/editor-de-diseno/,Estudio Fotográfico Profesional Todo en Uno - HelpMyIMG,text/html; charset=utf-8,false,200,0,0,12,,,"Combine, divida, comprima, convierta y procese fotografías directamente en su navegador. 100% sin conexión a través de WebAssembly. Gratis, ilimitado y muy seguro.",,,design,true
21,https://helpmyimg.com/ru/vodyanoy-znak/,©️ Водяной знак «Мое изображение» - HelpMyIMG,text/html; charset=utf-8,false,200,0,0,13,,,"Объединяйте, разделяйте, сжимайте, конвертируйте и обрабатывайте фотографии прямо в браузере. 100% автономный режим через WebAssembly. Бесплатно, безлимитно и очень безопасно.",,,watermark,true
21,https://helpmyimg.com/tl/palitan-background/,Palitan ng Kulay ng Background ng Biometric Passport Online - HelpMyIMG,text/html; charset=utf-8,false,200,0,0,16,,,"Pagsamahin, hatiin, i-compress, i-convert, at iproseso ang mga larawan nang direkta sa iyong browser. 100% offline sa pamamagitan ng WebAssembly. Libre, walang limitasyon, at lubos na secure.",,,color,true
21,https://helpmyimg.com/ja/magic-brush/,手動補正ブラシ - HelpMyIMG,text/html; charset=utf-8,false,200,0,0,6,,,ブラウザ内で写真を直接結合、分割、圧縮、変換、処理できます。 WebAssembly 経由で 100% オフライン。無料、無制限、そして非常に安全です。,,,brush,true
21,https://helpmyimg.com/it/ritaglia-immagine/,Studio fotografico professionale e kit di strumenti in blocco - HelpMyIMG,text/html; charset=utf-8,false,200,0,0,15,,,"Combina, dividi, comprimi, converti ed elabora le foto direttamente nel tuo browser. 100% offline tramite WebAssembly. Gratuito, illimitato e altamente sicuro.",,,crop,true
21,https://helpmyimg.com/no/magic-brush/,Manuell Pensel - HelpMyIMG,text/html; charset=utf-8,false,200,0,0,9,,,"Kombiner, del, komprimer, konverter og bearbeid bilder direkte i nettleseren din. 100 % offline via WebAssembly. Gratis, ubegrenset og svært sikker.",,,brush,true
21,https://helpmyimg.com/da/farvevaelger/,Professionelt fotostudie og bulk-værktøjssæt - HelpMyIMG,text/html; charset=utf-8,false,200,0,0,11,,,"Kombiner, opdel, komprimer, konverter og bearbejd billeder direkte i din browser. 100 % offline via WebAssembly. Gratis, ubegrænset og meget sikker.",,,picker,true
21,https://helpmyimg.com/ko/imiji-hoejeon/,전문가용 올인원 포토 스튜디오 & 대량 편집기 - HelpMyIMG,text/html; charset=utf-8,false,200,0,0,14,,,"브라우저에서 직접 사진을 결합, 분할, 압축, 변환 및 처리합니다. WebAssembly를 통해 100% 오프라인. 무료이며 무제한이며 매우 안전합니다.",,,rotate,true
21,https://helpmyimg.com/hu/kep-vagas/,Professzionális fotóstúdió és tömeges eszközkészlet - HelpMyIMG,text/html; charset=utf-8,false,200,0,0,12,,,"Kombinálja, osztja fel, tömörítse, konvertálja és dolgozza fel a fényképeket közvetlenül a böngészőben. 100%-ban offline a WebAssembly segítségével. Ingyenes, korlátlan és rendkívül biztonságos.",,,crop,true
21,https://helpmyimg.com/th/remove-background-from-logo/,ลบพื้นหลังออกจากโลโก้ฟรี - เครื่องมือสร้าง PNG โปร่งใส - HelpMyIMG,text/html; charset=utf-8,false,200,0,0,30,,,รวม แยก บีบอัด แปลง และประมวลผลรูปภาพได้โดยตรงในเบราว์เซอร์ของคุณ ออฟไลน์ 100% ผ่าน WebAssembly ฟรี ไม่จำกัด และมีความปลอดภัยสูง,,,ทำให้โลโก้โปร่งใสได้ทันที,true
21,https://helpmyimg.com/fi/poista-tausta/,✂️ Poista Tausta - HelpMyIMG,text/html; charset=utf-8,false,200,0,0,39,,,"Yhdistä, jaa, pakkaa, muunna ja käsittele valokuvia suoraan selaimessasi. 100 % offline-tilassa WebAssemblyn kautta. Ilmainen, rajoittamaton ja erittäin turvallinen.",,,AI Taustan Poistaja Verkkokaupoille ja Tuotekuville,true
21,https://helpmyimg.com/el/afairesi-fontou/,✂️ Αφαίρεση Φόντου - HelpMyIMG,text/html; charset=utf-8,false,200,0,0,44,,,"Συνδυάστε, διαχωρίστε, συμπιέστε, μετατρέψτε και επεξεργαστείτε φωτογραφίες απευθείας στο πρόγραμμα περιήγησής σας. 100% εκτός σύνδεσης μέσω WebAssembly. Δωρεάν, απεριόριστη και εξαιρετικά ασφαλής.",,,Δωρεάν Αφαίρεση Φόντου AI για Προϊόντα Skroutz & Shopflix,true
21,https://helpmyimg.com/pt/desfocar-rosto/,Estúdio Fotográfico Profissional Tudo-em-Um - HelpMyIMG,text/html; charset=utf-8,false,200,0,0,10,,,"Combine, divida, compacte, converta e processe fotos diretamente no seu navegador. 100% off-line via WebAssembly. Gratuito, ilimitado e altamente seguro.",,,blurface,true
21,https://helpmyimg.com/id/editor-desain/,Studio Foto & Pengeditan Massal Profesional - HelpMyIMG,text/html; charset=utf-8,false,200,0,0,14,,,"Gabungkan, pisahkan, kompres, konversi, dan proses foto langsung di browser Anda. 100% offline melalui WebAssembly. Gratis, tidak terbatas, dan sangat aman.",,,design,true
21,https://helpmyimg.com/he/bocher-tseva/,סטודיו לצילום מקצועי וערכת כלים בתפזורת - HelpMyIMG,text/html; charset=utf-8,false,200,0,0,12,,,"שלב, פצל, דחס, המר ועבד תמונות ישירות בדפדפן שלך. 100% לא מקוון באמצעות WebAssembly. חינם, ללא הגבלה, ומאובטח מאוד.",,,picker,true
21,https://helpmyimg.com/hi/design-editor/,पेशेवर ऑल-इन-वन फ़ोटो स्टूडियो और बल्क एडिटर - HelpMyIMG,text/html; charset=utf-8,false,200,0,0,16,,,"फ़ोटो को सीधे अपने ब्राउज़र में संयोजित करें, विभाजित करें, संपीड़ित करें, रूपांतरित करें और संसाधित करें। WebAssembly के माध्यम से 100% ऑफ़लाइन। मुफ़्त, असीमित और अत्यधिक सुरक्षित।",,,design,true
21,https://helpmyimg.com/ru/magic-brush/,Ручная кисть - HelpMyIMG,text/html; charset=utf-8,false,200,0,0,9,,,"Объединяйте, разделяйте, сжимайте, конвертируйте и обрабатывайте фотографии прямо в браузере. 100% автономный режим через WebAssembly. Бесплатно, безлимитно и очень безопасно.",,,brush,true
21,https://helpmyimg.com/fi/kierita-kuva/,Ammattimainen valokuvastudio ja joukkotyökalupakki - HelpMyIMG,text/html; charset=utf-8,false,200,0,0,11,,,"Yhdistä, jaa, pakkaa, muunna ja käsittele valokuvia suoraan selaimessasi. 100 % offline-tilassa WebAssemblyn kautta. Ilmainen, rajoittamaton ja erittäin turvallinen.",,,rotate,true
21,https://helpmyimg.com/da/vandmaerke/,©️ Vandmærke mit billede - HelpMyIMG,text/html; charset=utf-8,false,200,0,0,11,,,"Kombiner, opdel, komprimer, konverter og bearbejd billeder direkte i din browser. 100 % offline via WebAssembly. Gratis, ubegrænset og meget sikker.",,,watermark,true
21,https://helpmyimg.com/tr/resim-kirp/,Profesyonel Fotoğraf Stüdyosu ve Toplu Araç Seti - HelpMyIMG,text/html; charset=utf-8,false,200,0,0,14,,,"Fotoğrafları doğrudan tarayıcınızda birleştirin, bölün, sıkıştırın, dönüştürün ve işleyin. WebAssembly aracılığıyla %100 çevrimdışı. Ücretsiz, sınırsız ve son derece güvenli.",,,crop,true
21,https://helpmyimg.com/no/fargevelger/,Profesjonelt fotostudio og bulkverktøysett - HelpMyIMG,text/html; charset=utf-8,false,200,0,0,11,,,"Kombiner, del, komprimer, konverter og bearbeid bilder direkte i nettleseren din. 100 % offline via WebAssembly. Gratis, ubegrenset og svært sikker.",,,picker,true
21,https://helpmyimg.com/fr/filigrane/,©️ Filigraner mon image - HelpMyIMG,text/html; charset=utf-8,false,200,0,0,11,,,"Combinez, divisez, compressez, convertissez et traitez des photos directement dans votre navigateur. 100% hors ligne via WebAssembly. Gratuit, illimité et hautement sécurisé.",,,watermark,true
21,https://helpmyimg.com/ru/vybor-tsveta/,Профессиональная фотостудия «Все в одном» - HelpMyIMG,text/html; charset=utf-8,false,200,0,0,13,,,"Объединяйте, разделяйте, сжимайте, конвертируйте и обрабатывайте фотографии прямо в браузере. 100% автономный режим через WebAssembly. Бесплатно, безлимитно и очень безопасно.",,,picker,true
21,https://helpmyimg.com/es/comprimir-imagen/,Comprima imágenes a 100 KB en línea gratis (lotes de 20 a 50 fotos) - HelpMyIMG,text/html; charset=utf-8,false,200,0,0,20,,,"Combine, divida, comprima, convierta y procese fotografías directamente en su navegador. 100% sin conexión a través de WebAssembly. Gratis, ilimitado y muy seguro.",,,compress,true
21,https://helpmyimg.com/ja/remove-background-from-logo/,ロゴから背景を削除無料 - 透明PNGメーカー - HelpMyIMG,text/html; charset=utf-8,false,200,0,0,27,,,ブラウザ内で写真を直接結合、分割、圧縮、変換、処理できます。 WebAssembly 経由で 100% オフライン。無料、無制限、そして非常に安全です。,,,あらゆるロゴを瞬時に透明化,true
21,https://helpmyimg.com/tl/resizepassport/,I-resize para sa passport - HelpMyIMG,text/html; charset=utf-8,false,200,0,0,11,,,"Pagsamahin, hatiin, i-compress, i-convert, at iproseso ang mga larawan nang direkta sa iyong browser. 100% offline sa pamamagitan ng WebAssembly. Libre, walang limitasyon, at lubos na secure.",,,resizepassport,true
21,https://helpmyimg.com/de/hintergrund-aendern/,Biometrische Passfoto-Hintergrund-Farbwechsler online - HelpMyIMG,text/html; charset=utf-8,false,200,0,0,10,,,"Kombinieren, teilen, komprimieren, konvertieren und verarbeiten Sie Fotos direkt in Ihrem Browser. 100 % offline über WebAssembly. Kostenlos, unbegrenzt und äußerst sicher.",,,color,true
21,https://helpmyimg.com/uk/vybir-koloru/,Професійна фотостудія та набір інструментів - HelpMyIMG,text/html; charset=utf-8,false,200,0,0,11,,,"Комбінуйте, розділяйте, стискайте, конвертуйте та обробляйте фотографії безпосередньо у вашому браузері. 100% офлайн через WebAssembly. Безкоштовний, необмежений і дуже безпечний.",,,picker,true
21,https://helpmyimg.com/he/hasarat-reka/,✂️ הסרת רקע AI - HelpMyIMG,text/html; charset=utf-8,false,200,0,0,49,,,"שלב, פצל, דחס, המר ועבד תמונות ישירות בדפדפן שלך. 100% לא מקוון באמצעות WebAssembly. חינם, ללא הגבלה, ומאובטח מאוד.",,,הסרת רקע בינה מלאכותית לתמונות מוצרים וקטלוגים,true
21,https://helpmyimg.com/id/magic-brush/,Kuas Manual - HelpMyIMG,text/html; charset=utf-8,false,200,0,0,10,,,"Gabungkan, pisahkan, kompres, konversi, dan proses foto langsung di browser Anda. 100% offline melalui WebAssembly. Gratis, tidak terbatas, dan sangat aman.",,,brush,true
21,https://helpmyimg.com/ja/gazo-torimingu/,プロ仕様のオールインワン写真スタジオ - HelpMyIMG,text/html; charset=utf-8,false,200,0,0,6,,,ブラウザ内で写真を直接結合、分割、圧縮、変換、処理できます。 WebAssembly 経由で 100% オフライン。無料、無制限、そして非常に安全です。,,,crop,true
21,https://helpmyimg.com/tl/convertwebp/,I-convert ang WEBP sa JPG - HelpMyIMG,text/html; charset=utf-8,false,200,0,0,12,,,"Pagsamahin, hatiin, i-compress, i-convert, at iproseso ang mga larawan nang direkta sa iyong browser. 100% offline sa pamamagitan ng WebAssembly. Libre, walang limitasyon, at lubos na secure.",,,convertwebp,true
21,https://helpmyimg.com/ja/dezain-edita/,プロ仕様のオールインワン写真スタジオ - HelpMyIMG,text/html; charset=utf-8,false,200,0,0,6,,,ブラウザ内で写真を直接結合、分割、圧縮、変換、処理できます。 WebAssembly 経由で 100% オフライン。無料、無制限、そして非常に安全です。,,,design,true
21,https://helpmyimg.com/el/magic-brush/,Πινέλο - HelpMyIMG,text/html; charset=utf-8,false,200,0,0,7,,,"Συνδυάστε, διαχωρίστε, συμπιέστε, μετατρέψτε και επεξεργαστείτε φωτογραφίες απευθείας στο πρόγραμμα περιήγησής σας. 100% εκτός σύνδεσης μέσω WebAssembly. Δωρεάν, απεριόριστη και εξαιρετικά ασφαλής.",,,brush,true
21,https://helpmyimg.com/he/siman-maim/,©️ סימן מים לתמונה שלי - HelpMyIMG,text/html; charset=utf-8,false,200,0,0,11,,,"שלב, פצל, דחס, המר ועבד תמונות ישירות בדפדפן שלך. 100% לא מקוון באמצעות WebAssembly. חינם, ללא הגבלה, ומאובטח מאוד.",,,watermark,true
21,https://helpmyimg.com/zh/yasuo-tupian-50kb/,将图像压缩至 50KB - 智能 WebGPU 压缩 - HelpMyIMG,text/html; charset=utf-8,false,200,0,0,11,,,直接在浏览器中组合、分割、压缩、转换和处理照片。通过 WebAssembly 100% 离线。免费、无限制且高度安全。,,,compress50kb,true
21,https://helpmyimg.com/en/blur-face/,Professional Photo Studio & Bulk Toolkit - HelpMyIMG,text/html; charset=utf-8,false,200,0,0,13,,,"Combine, split, compress, convert, and process photos directly in your browser. 100% offline via WebAssembly. Free, unlimited, and highly secure.",,,blurface,true
21,https://helpmyimg.com/ja/gazo-asshuku-50kb/,画像を 50KB に圧縮 - スマート WebGPU 圧縮 - HelpMyIMG,text/html; charset=utf-8,false,200,0,0,45,,,ブラウザ内で写真を直接結合、分割、圧縮、変換、処理できます。 WebAssembly 経由で 100% オフライン。無料、無制限、そして非常に安全です。,,,AI の精度で写真を 50KB に縮小,true
21,https://helpmyimg.com/ja/kao-bokashi/,プロ仕様のオールインワン写真スタジオ - HelpMyIMG,text/html; charset=utf-8,false,200,0,0,6,,,ブラウザ内で写真を直接結合、分割、圧縮、変換、処理できます。 WebAssembly 経由で 100% オフライン。無料、無制限、そして非常に安全です。,,,blurface,true
21,https://helpmyimg.com/it/ruota-immagine/,Studio fotografico professionale e kit di strumenti in blocco - HelpMyIMG,text/html; charset=utf-8,false,200,0,0,15,,,"Combina, dividi, comprimi, converti ed elabora le foto direttamente nel tuo browser. 100% offline tramite WebAssembly. Gratuito, illimitato e altamente sicuro.",,,rotate,true
21,https://helpmyimg.com/da/fjern-baggrund/,✂️ Fjern Baggrund - HelpMyIMG,text/html; charset=utf-8,false,200,0,0,48,,,"Kombiner, opdel, komprimer, konverter og bearbejd billeder direkte i din browser. 100 % offline via WebAssembly. Gratis, ubegrænset og meget sikker.",,,AI Baggrundsfjerner til Webshops og Produktbilleder,true
21,https://helpmyimg.com/ja/haikei-henko/,生体認証パスポート写真背景カラーチェンジャーオンライン - HelpMyIMG,text/html; charset=utf-8,false,200,0,0,6,,,ブラウザ内で写真を直接結合、分割、圧縮、変換、処理できます。 WebAssembly 経由で 100% オフライン。無料、無制限、そして非常に安全です。,,,color,true
21,https://helpmyimg.com/ja/blur-license-plate/,オンラインでナンバープレートをぼかす - 自動車プライバシーセンサー - HelpMyIMG,text/html; charset=utf-8,false,200,0,0,18,,,ブラウザ内で写真を直接結合、分割、圧縮、変換、処理できます。 WebAssembly 経由で 100% オフライン。無料、無制限、そして非常に安全です。,,,車のナンバープレートを素早く検閲する,true
21,https://helpmyimg.com/en/advanced-editor/,Professional Photo Studio & Bulk Toolkit - HelpMyIMG,text/html; charset=utf-8,false,200,0,0,13,,,"Combine, split, compress, convert, and process photos directly in your browser. 100% offline via WebAssembly. Free, unlimited, and highly secure.",,,design,true
21,https://helpmyimg.com/pt/marca-dagua/,©️ Marca d’água em minha imagem - HelpMyIMG,text/html; charset=utf-8,false,200,0,0,12,,,"Combine, divida, compacte, converta e processe fotos diretamente no seu navegador. 100% off-line via WebAssembly. Gratuito, ilimitado e altamente seguro.",,,watermark,true
21,https://helpmyimg.com/nl/geavanceerde-editor/,Professionele fotostudio en bulktoolkit - HelpMyIMG,text/html; charset=utf-8,false,200,0,0,10,,,"Combineer, splits, comprimeer, converteer en verwerk foto's rechtstreeks in uw browser. 100% offline via WebAssembly. Gratis, onbeperkt en zeer veilig.",,,design,true
21,https://helpmyimg.com/ms/putar-imej/,Studio Foto Profesional & Kit Alat Pukal - HelpMyIMG,text/html; charset=utf-8,false,200,0,0,13,,,"Gabungkan, belah, mampatkan, tukar dan proses foto terus dalam penyemak imbas anda. 100% di luar talian melalui WebAssembly. Percuma, tidak terhad dan sangat selamat.",,,rotate,true
21,https://helpmyimg.com/he/sivuv-tmuna/,סטודיו לצילום מקצועי וערכת כלים בתפזורת - HelpMyIMG,text/html; charset=utf-8,false,200,0,0,12,,,"שלב, פצל, דחס, המר ועבד תמונות ישירות בדפדפן שלך. 100% לא מקוון באמצעות WebAssembly. חינם, ללא הגבלה, ומאובטח מאוד.",,,rotate,true
21,https://helpmyimg.com/hu/hatter-eltavolitas/,✂️ Háttér Eltávolítása - HelpMyIMG,text/html; charset=utf-8,false,200,0,0,44,,,"Kombinálja, osztja fel, tömörítse, konvertálja és dolgozza fel a fényképeket közvetlenül a böngészőben. 100%-ban offline a WebAssembly segítségével. Ingyenes, korlátlan és rendkívül biztonságos.",,,AI Háttér Eltávolító eMAG.hu és Webshop Termékképekhez,true
21,https://helpmyimg.com/es/difuminar-rostro/,Estudio Fotográfico Profesional Todo en Uno - HelpMyIMG,text/html; charset=utf-8,false,200,0,0,12,,,"Combine, divida, comprima, convierta y procese fotografías directamente en su navegador. 100% sin conexión a través de WebAssembly. Gratis, ilimitado y muy seguro.",,,blurface,true
21,https://helpmyimg.com/es/recortar-imagen/,Estudio Fotográfico Profesional Todo en Uno - HelpMyIMG,text/html; charset=utf-8,false,200,0,0,12,,,"Combine, divida, comprima, convierta y procese fotografías directamente en su navegador. 100% sin conexión a través de WebAssembly. Gratis, ilimitado y muy seguro.",,,crop,true
21,https://helpmyimg.com/tl/advanced-na-editor/,Propesyonal na Photo Studio at Bulk Toolkit - HelpMyIMG,text/html; charset=utf-8,false,200,0,0,14,,,"Pagsamahin, hatiin, i-compress, i-convert, at iproseso ang mga larawan nang direkta sa iyong browser. 100% offline sa pamamagitan ng WebAssembly. Libre, walang limitasyon, at lubos na secure.",,,design,true
21,https://helpmyimg.com/sv/avancerad-redigerare/,Professionell fotostudio & Bulk Toolkit - HelpMyIMG,text/html; charset=utf-8,false,200,0,0,11,,,"Kombinera, dela, komprimera, konvertera och bearbeta foton direkt i din webbläsare. 100 % offline via WebAssembly. Gratis, obegränsad och mycket säker.",,,design,true
21,https://helpmyimg.com/zh/genghuan-beijing/,生物识别护照照片背景在线换色器 - HelpMyIMG,text/html; charset=utf-8,false,200,0,0,6,,,直接在浏览器中组合、分割、压缩、转换和处理照片。通过 WebAssembly 100% 离线。免费、无限制且高度安全。,,,color,true
21,https://helpmyimg.com/ar/tadwir-sura/,الاستوديو الاحترافي الشامل لتحرير الصور والمعالجة الجماعية - HelpMyIMG,text/html; charset=utf-8,false,200,0,0,13,,,قم بدمج الصور وتقسيمها وضغطها وتحويلها ومعالجتها مباشرة في متصفحك.غير متصل بالإنترنت بنسبة 100% عبر WebAssembly.مجاني وغير محدود وآمن للغاية.,,,rotate,true
21,https://helpmyimg.com/th/resize-photo-to-passport-size/,ปรับขนาดภาพถ่ายเป็นขนาดหนังสือเดินทาง - Visa & ID Maker - HelpMyIMG,text/html; charset=utf-8,false,200,0,0,35,,,รวม แยก บีบอัด แปลง และประมวลผลรูปภาพได้โดยตรงในเบราว์เซอร์ของคุณ ออฟไลน์ 100% ผ่าน WebAssembly ฟรี ไม่จำกัด และมีความปลอดภัยสูง,,,สร้างภาพถ่ายขนาดหนังสือเดินทางทันที,true
21,https://helpmyimg.com/pl/wybieracz-kolorow/,Profesjonalne studio fotograficzne i zestaw narzędzi zbiorczych - HelpMyIMG,text/html; charset=utf-8,false,200,0,0,14,,,"Łącz, dziel, kompresuj, konwertuj i przetwarzaj zdjęcia bezpośrednio w przeglądarce. 100% offline poprzez WebAssembly. Bezpłatny, nieograniczony i wysoce bezpieczny.",,,picker,true
21,https://helpmyimg.com/cs/otoceni-obrazku/,Profesionální fotografické studio a sada nástrojů pro hromadné zpracování - HelpMyIMG,text/html; charset=utf-8,false,200,0,0,16,,,"Kombinujte, rozdělujte, komprimujte, převádějte a zpracovávajte fotografie přímo ve vašem prohlížeči.100% offline přes WebAssembly.Zdarma, neomezené a vysoce bezpečné.",,,rotate,true
21,https://helpmyimg.com/da/sloret-ansigt/,Professionelt fotostudie og bulk-værktøjssæt - HelpMyIMG,text/html; charset=utf-8,false,200,0,0,11,,,"Kombiner, opdel, komprimer, konverter og bearbejd billeder direkte i din browser. 100 % offline via WebAssembly. Gratis, ubegrænset og meget sikker.",,,blurface,true
21,https://helpmyimg.com/th/luk-si/,สตูดิโอถ่ายภาพระดับมืออาชีพและชุดเครื่องมือจำนวนมาก - HelpMyIMG,text/html; charset=utf-8,false,200,0,0,6,,,รวม แยก บีบอัด แปลง และประมวลผลรูปภาพได้โดยตรงในเบราว์เซอร์ของคุณ ออฟไลน์ 100% ผ่าน WebAssembly ฟรี ไม่จำกัด และมีความปลอดภัยสูง,,,picker,true
21,https://helpmyimg.com/he/tistush-panim/,סטודיו לצילום מקצועי וערכת כלים בתפזורת - HelpMyIMG,text/html; charset=utf-8,false,200,0,0,12,,,"שלב, פצל, דחס, המר ועבד תמונות ישירות בדפדפן שלך. 100% לא מקוון באמצעות WebAssembly. חינם, ללא הגבלה, ומאובטח מאוד.",,,blurface,true
21,https://helpmyimg.com/he/magic-brush/,מברשת ידנית - HelpMyIMG,text/html; charset=utf-8,false,200,0,0,8,,,"שלב, פצל, דחס, המר ועבד תמונות ישירות בדפדפן שלך. 100% לא מקוון באמצעות WebAssembly. חינם, ללא הגבלה, ומאובטח מאוד.",,,brush,true
21,https://helpmyimg.com/vi/cat-anh/,Studio ảnh chuyên nghiệp & Bộ công cụ hàng loạt - HelpMyIMG,text/html; charset=utf-8,false,200,0,0,18,,,"Kết hợp, tách, nén, chuyển đổi và xử lý ảnh trực tiếp trong trình duyệt của bạn. Ngoại tuyến 100% qua WebAssugging. Miễn phí, không giới hạn và có tính bảo mật cao.",,,crop,true
21,https://helpmyimg.com/ms/magic-brush/,Berus Manual - HelpMyIMG,text/html; charset=utf-8,false,200,0,0,8,,,"Gabungkan, belah, mampatkan, tukar dan proses foto terus dalam penyemak imbas anda. 100% di luar talian melalui WebAssembly. Percuma, tidak terhad dan sangat selamat.",,,brush,true
21,https://helpmyimg.com/tl/palabuin-ang-mukha/,Propesyonal na Photo Studio at Bulk Toolkit - HelpMyIMG,text/html; charset=utf-8,false,200,0,0,14,,,"Pagsamahin, hatiin, i-compress, i-convert, at iproseso ang mga larawan nang direkta sa iyong browser. 100% offline sa pamamagitan ng WebAssembly. Libre, walang limitasyon, at lubos na secure.",,,blurface,true
21,https://helpmyimg.com/zh/shuiyin/,©️ 给我的图片加水印 - HelpMyIMG,text/html; charset=utf-8,false,200,0,0,7,,,直接在浏览器中组合、分割、压缩、转换和处理照片。通过 WebAssembly 100% 离线。免费、无限制且高度安全。,,,watermark,true
21,https://helpmyimg.com/fr/editeur-avance/,Studio Photo Professionnel & Boîte à Outils - HelpMyIMG,text/html; charset=utf-8,false,200,0,0,14,,,"Combinez, divisez, compressez, convertissez et traitez des photos directement dans votre navigateur. 100% hors ligne via WebAssembly. Gratuit, illimité et hautement sécurisé.",,,design,true
21,https://helpmyimg.com/ja/insutaguramu-ri-saizu/,Instagramオンライン用に画像のサイズを変更 - トリミングは必要ありません - HelpMyIMG,text/html; charset=utf-8,false,200,0,0,25,,,ブラウザ内で写真を直接結合、分割、圧縮、変換、処理できます。 WebAssembly 経由で 100% オフライン。無料、無制限、そして非常に安全です。,,,ワンクリックで完璧な Instagram サイズに,true
21,https://helpmyimg.com/hu/hatter-modositas/,Biometrikus útlevélfotó háttérszínváltó online - HelpMyIMG,text/html; charset=utf-8,false,200,0,0,11,,,"Kombinálja, osztja fel, tömörítse, konvertálja és dolgozza fel a fényképeket közvetlenül a böngészőben. 100%-ban offline a WebAssembly segítségével. Ingyenes, korlátlan és rendkívül biztonságos.",,,color,true
21,https://helpmyimg.com/es/convertir-imagen/,Convierta 30 fotos a WEBP en línea gratis (procesamiento por lotes y ZIP) - HelpMyIMG,text/html; charset=utf-8,false,200,0,0,19,,,"Combine, divida, comprima, convierta y procese fotografías directamente en su navegador. 100% sin conexión a través de WebAssembly. Gratis, ilimitado y muy seguro.",,,convert,true
21,https://helpmyimg.com/cs/vyber-barev/,Profesionální fotografické studio a sada nástrojů pro hromadné zpracování - HelpMyIMG,text/html; charset=utf-8,false,200,0,0,16,,,"Kombinujte, rozdělujte, komprimujte, převádějte a zpracovávajte fotografie přímo ve vašem prohlížeči.100% offline přes WebAssembly.Zdarma, neomezené a vysoce bezpečné.",,,picker,true
21,https://helpmyimg.com/hu/szinvalaszto/,Professzionális fotóstúdió és tömeges eszközkészlet - HelpMyIMG,text/html; charset=utf-8,false,200,0,0,12,,,"Kombinálja, osztja fel, tömörítse, konvertálja és dolgozza fel a fényképeket közvetlenül a böngészőben. 100%-ban offline a WebAssembly segítségével. Ingyenes, korlátlan és rendkívül biztonságos.",,,picker,true
21,https://helpmyimg.com/pl/znak-wodny/,©️ Znak wodny mojego obrazu - HelpMyIMG,text/html; charset=utf-8,false,200,0,0,12,,,"Łącz, dziel, kompresuj, konwertuj i przetwarzaj zdjęcia bezpośrednio w przeglądarce. 100% offline poprzez WebAssembly. Bezpłatny, nieograniczony i wysoce bezpieczny.",,,watermark,true
21,https://helpmyimg.com/sv/magic-brush/,Manuell Pensel - HelpMyIMG,text/html; charset=utf-8,false,200,0,0,8,,,"Kombinera, dela, komprimera, konvertera och bearbeta foton direkt i din webbläsare. 100 % offline via WebAssembly. Gratis, obegränsad och mycket säker.",,,brush,true
21,https://helpmyimg.com/nl/magic-brush/,Handmatig Penseel - HelpMyIMG,text/html; charset=utf-8,false,200,0,0,8,,,"Combineer, splits, comprimeer, converteer en verwerk foto's rechtstreeks in uw browser. 100% offline via WebAssembly. Gratis, onbeperkt en zeer veilig.",,,brush,true
21,https://helpmyimg.com/fr/flouter-visage/,Studio Photo Professionnel & Boîte à Outils - HelpMyIMG,text/html; charset=utf-8,false,200,0,0,14,,,"Combinez, divisez, compressez, convertissez et traitez des photos directement dans votre navigateur. 100% hors ligne via WebAssembly. Gratuit, illimité et hautement sécurisé.",,,blurface,true
21,https://helpmyimg.com/cs/rozmazat-oblicej/,Profesionální fotografické studio a sada nástrojů pro hromadné zpracování - HelpMyIMG,text/html; charset=utf-8,false,200,0,0,16,,,"Kombinujte, rozdělujte, komprimujte, převádějte a zpracovávajte fotografie přímo ve vašem prohlížeči.100% offline přes WebAssembly.Zdarma, neomezené a vysoce bezpečné.",,,blurface,true
21,https://helpmyimg.com/nl/watermerk/,©️ Watermerk mijn afbeelding - HelpMyIMG,text/html; charset=utf-8,false,200,0,0,10,,,"Combineer, splits, comprimeer, converteer en verwerk foto's rechtstreeks in uw browser. 100% offline via WebAssembly. Gratis, onbeperkt en zeer veilig.",,,watermark,true
21,https://helpmyimg.com/hu/vizjel/,©️ Vízjel Saját kép - HelpMyIMG,text/html; charset=utf-8,false,200,0,0,11,,,"Kombinálja, osztja fel, tömörítse, konvertálja és dolgozza fel a fényképeket közvetlenül a böngészőben. 100%-ban offline a WebAssembly segítségével. Ingyenes, korlátlan és rendkívül biztonságos.",,,watermark,true
21,https://helpmyimg.com/pt/editor-de-design/,Estúdio Fotográfico Profissional Tudo-em-Um - HelpMyIMG,text/html; charset=utf-8,false,200,0,0,10,,,"Combine, divida, compacte, converta e processe fotos diretamente no seu navegador. 100% off-line via WebAssembly. Gratuito, ilimitado e altamente seguro.",,,design,true
21,https://helpmyimg.com/en/magic-brush/,Manual Brush - HelpMyIMG,text/html; charset=utf-8,false,200,0,0,9,,,"Combine, split, compress, convert, and process photos directly in your browser. 100% offline via WebAssembly. Free, unlimited, and highly secure.",,,brush,true
21,https://helpmyimg.com/zh/mohu-renlian/,专业级一站式批量图像处理与摄影工作室 - HelpMyIMG,text/html; charset=utf-8,false,200,0,0,6,,,直接在浏览器中组合、分割、压缩、转换和处理照片。通过 WebAssembly 100% 离线。免费、无限制且高度安全。,,,blurface,true
21,https://helpmyimg.com/cs/magic-brush/,Ruční Štětec - HelpMyIMG,text/html; charset=utf-8,false,200,0,0,9,,,"Kombinujte, rozdělujte, komprimujte, převádějte a zpracovávajte fotografie přímo ve vašem prohlížeči.100% offline přes WebAssembly.Zdarma, neomezené a vysoce bezpečné.",,,brush,true
21,https://helpmyimg.com/hi/image-rotate/,पेशेवर ऑल-इन-वन फ़ोटो स्टूडियो और बल्क एडिटर - HelpMyIMG,text/html; charset=utf-8,false,200,0,0,16,,,"फ़ोटो को सीधे अपने ब्राउज़र में संयोजित करें, विभाजित करें, संपीड़ित करें, रूपांतरित करें और संसाधित करें। WebAssembly के माध्यम से 100% ऑफ़लाइन। मुफ़्त, असीमित और अत्यधिक सुरक्षित।",,,rotate,true
21,https://helpmyimg.com/zh/colorwhite/,将照片背景更改为白色 - 亚马逊和电子商​​​​务就绪 - HelpMyIMG,text/html; charset=utf-8,false,200,0,0,8,,,直接在浏览器中组合、分割、压缩、转换和处理照片。通过 WebAssembly 100% 离线。免费、无限制且高度安全。,,,colorwhite,true
21,https://helpmyimg.com/no/avansert-editor/,Profesjonelt fotostudio og bulkverktøysett - HelpMyIMG,text/html; charset=utf-8,false,200,0,0,11,,,"Kombiner, del, komprimer, konverter og bearbeid bilder direkte i nettleseren din. 100 % offline via WebAssembly. Gratis, ubegrenset og svært sikker.",,,design,true
21,https://helpmyimg.com/fi/vesileima/,©️ Vesileima Kuvani - HelpMyIMG,text/html; charset=utf-8,false,200,0,0,10,,,"Yhdistä, jaa, pakkaa, muunna ja käsittele valokuvia suoraan selaimessasi. 100 % offline-tilassa WebAssemblyn kautta. Ilmainen, rajoittamaton ja erittäin turvallinen.",,,watermark,true
21,https://helpmyimg.com/es/cambiar-fondo/,Cambiador de color de fondo de foto de pasaporte biométrico en línea - HelpMyIMG,text/html; charset=utf-8,false,200,0,0,18,,,"Combine, divida, comprima, convierta y procese fotografías directamente en su navegador. 100% sin conexión a través de WebAssembly. Gratis, ilimitado y muy seguro.",,,color,true
21,https://helpmyimg.com/sv/beskara-bild/,Professionell fotostudio & Bulk Toolkit - HelpMyIMG,text/html; charset=utf-8,false,200,0,0,11,,,"Kombinera, dela, komprimera, konvertera och bearbeta foton direkt i din webbläsare. 100 % offline via WebAssembly. Gratis, obegränsad och mycket säker.",,,crop,true
21,https://helpmyimg.com/nl/kleurkiezer/,Professionele fotostudio en bulktoolkit - HelpMyIMG,text/html; charset=utf-8,false,200,0,0,10,,,"Combineer, splits, comprimeer, converteer en verwerk foto's rechtstreeks in uw browser. 100% offline via WebAssembly. Gratis, onbeperkt en zeer veilig.",,,picker,true
21,https://helpmyimg.com/hu/kep-forgatas/,Professzionális fotóstúdió és tömeges eszközkészlet - HelpMyIMG,text/html; charset=utf-8,false,200,0,0,12,,,"Kombinálja, osztja fel, tömörítse, konvertálja és dolgozza fel a fényképeket közvetlenül a böngészőben. 100%-ban offline a WebAssembly segítségével. Ingyenes, korlátlan és rendkívül biztonságos.",,,rotate,true
21,https://helpmyimg.com/uk/obrizaty-zobrazhennya/,Професійна фотостудія та набір інструментів - HelpMyIMG,text/html; charset=utf-8,false,200,0,0,11,,,"Комбінуйте, розділяйте, стискайте, конвертуйте та обробляйте фотографії безпосередньо у вашому браузері. 100% офлайн через WebAssembly. Безкоштовний, необмежений і дуже безпечний.",,,crop,true
21,https://helpmyimg.com/el/allagi-fontou/,Βιομετρική αλλαγή χρώματος φόντου φωτογραφιών διαβατηρίου σε απευθείας σύνδεση - HelpMyIMG,text/html; charset=utf-8,false,200,0,0,15,,,"Συνδυάστε, διαχωρίστε, συμπιέστε, μετατρέψτε και επεξεργαστείτε φωτογραφίες απευθείας στο πρόγραμμα περιήγησής σας. 100% εκτός σύνδεσης μέσω WebAssembly. Δωρεάν, απεριόριστη και εξαιρετικά ασφαλής.",,,color,true
21,https://helpmyimg.com/tr/renk-secici/,Profesyonel Fotoğraf Stüdyosu ve Toplu Araç Seti - HelpMyIMG,text/html; charset=utf-8,false,200,0,0,14,,,"Fotoğrafları doğrudan tarayıcınızda birleştirin, bölün, sıkıştırın, dönüştürün ve işleyin. WebAssembly aracılığıyla %100 çevrimdışı. Ücretsiz, sınırsız ve son derece güvenli.",,,picker,true
21,https://helpmyimg.com/ms/kabur-wajah/,Studio Foto Profesional & Kit Alat Pukal - HelpMyIMG,text/html; charset=utf-8,false,200,0,0,13,,,"Gabungkan, belah, mampatkan, tukar dan proses foto terus dalam penyemak imbas anda. 100% di luar talian melalui WebAssembly. Percuma, tidak terhad dan sangat selamat.",,,blurface,true
21,https://helpmyimg.com/nl/afbeelding-draaien/,Professionele fotostudio en bulktoolkit - HelpMyIMG,text/html; charset=utf-8,false,200,0,0,10,,,"Combineer, splits, comprimeer, converteer en verwerk foto's rechtstreeks in uw browser. 100% offline via WebAssembly. Gratis, onbeperkt en zeer veilig.",,,rotate,true
21,https://helpmyimg.com/uk/magic-brush/,Ручний пензель - HelpMyIMG,text/html; charset=utf-8,false,200,0,0,8,,,"Комбінуйте, розділяйте, стискайте, конвертуйте та обробляйте фотографії безпосередньо у вашому браузері. 100% офлайн через WebAssembly. Безкоштовний, необмежений і дуже безпечний.",,,brush,true
21,https://helpmyimg.com/tl/i-crop-larawan/,Propesyonal na Photo Studio at Bulk Toolkit - HelpMyIMG,text/html; charset=utf-8,false,200,0,0,14,,,"Pagsamahin, hatiin, i-compress, i-convert, at iproseso ang mga larawan nang direkta sa iyong browser. 100% offline sa pamamagitan ng WebAssembly. Libre, walang limitasyon, at lubos na secure.",,,crop,true
21,https://helpmyimg.com/hu/arc-elmosasa/,Professzionális fotóstúdió és tömeges eszközkészlet - HelpMyIMG,text/html; charset=utf-8,false,200,0,0,12,,,"Kombinálja, osztja fel, tömörítse, konvertálja és dolgozza fel a fényképeket közvetlenül a böngészőben. 100%-ban offline a WebAssembly segítségével. Ingyenes, korlátlan és rendkívül biztonságos.",,,blurface,true
21,https://helpmyimg.com/zh/compress200kb/,将图像压缩至 200KB - 高质量减速器 - HelpMyIMG,text/html; charset=utf-8,false,200,0,0,9,,,直接在浏览器中组合、分割、压缩、转换和处理照片。通过 WebAssembly 100% 离线。免费、无限制且高度安全。,,,compress200kb,true
21,https://helpmyimg.com/tr/gelismis-editor/,Profesyonel Fotoğraf Stüdyosu ve Toplu Araç Seti - HelpMyIMG,text/html; charset=utf-8,false,200,0,0,14,,,"Fotoğrafları doğrudan tarayıcınızda birleştirin, bölün, sıkıştırın, dönüştürün ve işleyin. WebAssembly aracılığıyla %100 çevrimdışı. Ücretsiz, sınırsız ve son derece güvenli.",,,design,true
21,https://helpmyimg.com/pt/magic-brush/,Pincel Manual - HelpMyIMG,text/html; charset=utf-8,false,200,0,0,8,,,"Combine, divida, compacte, converta e processe fotos diretamente no seu navegador. 100% off-line via WebAssembly. Gratuito, ilimitado e altamente seguro.",,,brush,true
21,https://helpmyimg.com/es/magic-brush/,Pincel Manual - HelpMyIMG,text/html; charset=utf-8,false,200,0,0,8,,,"Combine, divida, comprima, convierta y procese fotografías directamente en su navegador. 100% sin conexión a través de WebAssembly. Gratis, ilimitado y muy seguro.",,,brush,true
21,https://helpmyimg.com/fi/rajaa-kuva/,Ammattimainen valokuvastudio ja joukkotyökalupakki - HelpMyIMG,text/html; charset=utf-8,false,200,0,0,11,,,"Yhdistä, jaa, pakkaa, muunna ja käsittele valokuvia suoraan selaimessasi. 100 % offline-tilassa WebAssemblyn kautta. Ilmainen, rajoittamaton ja erittäin turvallinen.",,,crop,true
21,https://helpmyimg.com/zh/resizepassport/,将照片调整为护照尺寸 - 签证和身份证制作工具 - HelpMyIMG,text/html; charset=utf-8,false,200,0,0,8,,,直接在浏览器中组合、分割、压缩、转换和处理照片。通过 WebAssembly 100% 离线。免费、无限制且高度安全。,,,resizepassport,true
21,https://helpmyimg.com/ko/magic-brush/,수동 브러시 - HelpMyIMG,text/html; charset=utf-8,false,200,0,0,9,,,"브라우저에서 직접 사진을 결합, 분할, 압축, 변환 및 처리합니다. WebAssembly를 통해 100% 오프라인. 무료이며 무제한이며 매우 안전합니다.",,,brush,true
21,https://helpmyimg.com/ja/iro-supotto/,プロ仕様のオールインワン写真スタジオ - HelpMyIMG,text/html; charset=utf-8,false,200,0,0,6,,,ブラウザ内で写真を直接結合、分割、圧縮、変換、処理できます。 WebAssembly 経由で 100% オフライン。無料、無制限、そして非常に安全です。,,,picker,true
21,https://helpmyimg.com/ro/selector-culori/,Studio foto profesional și set de instrumente în vrac - HelpMyIMG,text/html; charset=utf-8,false,200,0,0,15,,,"Combinați, împărțiți, comprimați, convertiți și procesați fotografiile direct în browser. 100% offline prin WebAssembly. Gratuit, nelimitat și foarte sigur.",,,picker,true
21,https://helpmyimg.com/tl/compress200kb/,I-compress ang larawan sa 200KB - HelpMyIMG,text/html; charset=utf-8,false,200,0,0,12,,,"Pagsamahin, hatiin, i-compress, i-convert, at iproseso ang mga larawan nang direkta sa iyong browser. 100% offline sa pamamagitan ng WebAssembly. Libre, walang limitasyon, at lubos na secure.",,,compress200kb,true
21,https://helpmyimg.com/ar/istikhraja-alwan/,الاستوديو الاحترافي الشامل لتحرير الصور والمعالجة الجماعية - HelpMyIMG,text/html; charset=utf-8,false,200,0,0,13,,,قم بدمج الصور وتقسيمها وضغطها وتحويلها ومعالجتها مباشرة في متصفحك.غير متصل بالإنترنت بنسبة 100% عبر WebAssembly.مجاني وغير محدود وآمن للغاية.,,,picker,true
21,https://helpmyimg.com/th/mun-rup-phap/,สตูดิโอถ่ายภาพระดับมืออาชีพและชุดเครื่องมือจำนวนมาก - HelpMyIMG,text/html; charset=utf-8,false,200,0,0,6,,,รวม แยก บีบอัด แปลง และประมวลผลรูปภาพได้โดยตรงในเบราว์เซอร์ของคุณ ออฟไลน์ 100% ผ่าน WebAssembly ฟรี ไม่จำกัด และมีความปลอดภัยสูง,,,rotate,true
21,https://helpmyimg.com/ar/taghyir-khalfia/,مغير لون خلفية صورة جواز السفر البيومترية عبر الإنترنت - HelpMyIMG,text/html; charset=utf-8,false,200,0,0,15,,,قم بدمج الصور وتقسيمها وضغطها وتحويلها ومعالجتها مباشرة في متصفحك.غير متصل بالإنترنت بنسبة 100% عبر WebAssembly.مجاني وغير محدود وآمن للغاية.,,,color,true
21,https://helpmyimg.com/en/watermark-image/,©️ Watermark My Image - HelpMyIMG,text/html; charset=utf-8,false,200,0,0,11,,,"Combine, split, compress, convert, and process photos directly in your browser. 100% offline via WebAssembly. Free, unlimited, and highly secure.",,,watermark,true
21,https://helpmyimg.com/zh/blurplate/,在线模糊车牌 - 汽车隐私审查 - HelpMyIMG,text/html; charset=utf-8,false,200,0,0,8,,,直接在浏览器中组合、分割、压缩、转换和处理照片。通过 WebAssembly 100% 离线。免费、无限制且高度安全。,,,blurplate,true
21,https://helpmyimg.com/he/chitucha-tmuna/,סטודיו לצילום מקצועי וערכת כלים בתפזורת - HelpMyIMG,text/html; charset=utf-8,false,200,0,0,12,,,"שלב, פצל, דחס, המר ועבד תמונות ישירות בדפדפן שלך. 100% לא מקוון באמצעות WebAssembly. חינם, ללא הגבלה, ומאובטח מאוד.",,,crop,true
21,https://helpmyimg.com/fr/magic-brush/,Pinceau Manuel - HelpMyIMG,text/html; charset=utf-8,false,200,0,0,9,,,"Combinez, divisez, compressez, convertissez et traitez des photos directement dans votre navigateur. 100% hors ligne via WebAssembly. Gratuit, illimité et hautement sécurisé.",,,brush,true
21,https://helpmyimg.com/ja/200kb/,画像を 200KB に圧縮 - 高品質リデューサー - HelpMyIMG,text/html; charset=utf-8,false,200,0,0,46,,,ブラウザ内で写真を直接結合、分割、圧縮、変換、処理できます。 WebAssembly 経由で 100% オフライン。無料、無制限、そして非常に安全です。,,,ディテールを失わずに写真を 200KB に縮小,true
21,https://helpmyimg.com/it/magic-brush/,Pennello Manuale - HelpMyIMG,text/html; charset=utf-8,false,200,0,0,8,,,"Combina, dividi, comprimi, converti ed elabora le foto direttamente nel tuo browser. 100% offline tramite WebAssembly. Gratuito, illimitato e altamente sicuro.",,,brush,true
21,https://helpmyimg.com/ar/muharrir-tasamim/,الاستوديو الاحترافي الشامل لتحرير الصور والمعالجة الجماعية - HelpMyIMG,text/html; charset=utf-8,false,200,0,0,13,,,قم بدمج الصور وتقسيمها وضغطها وتحويلها ومعالجتها مباشرة في متصفحك.غير متصل بالإنترنت بنسبة 100% عبر WebAssembly.مجاني وغير محدود وآمن للغاية.,,,design,true
21,https://helpmyimg.com/zh/gaoji-bianjiqi/,专业级一站式批量图像处理与摄影工作室 - HelpMyIMG,text/html; charset=utf-8,false,200,0,0,6,,,直接在浏览器中组合、分割、压缩、转换和处理照片。通过 WebAssembly 100% 离线。免费、无限制且高度安全。,,,design,true
21,https://helpmyimg.com/en/resize-image/,Professional Photo Studio & Bulk Toolkit - HelpMyIMG,text/html; charset=utf-8,false,200,0,0,13,,,"Combine, split, compress, convert, and process photos directly in your browser. 100% offline via WebAssembly. Free, unlimited, and highly secure.",,,resize,true
21,https://helpmyimg.com/cs/pokrocily-editor/,Profesionální fotografické studio a sada nástrojů pro hromadné zpracování - HelpMyIMG,text/html; charset=utf-8,false,200,0,0,16,,,"Kombinujte, rozdělujte, komprimujte, převádějte a zpracovávajte fotografie přímo ve vašem prohlížeči.100% offline přes WebAssembly.Zdarma, neomezené a vysoce bezpečné.",,,design,true
21,https://helpmyimg.com/tl/blurplate/,I-blur ang plaka - HelpMyIMG,text/html; charset=utf-8,false,200,0,0,10,,,"Pagsamahin, hatiin, i-compress, i-convert, at iproseso ang mga larawan nang direkta sa iyong browser. 100% offline sa pamamagitan ng WebAssembly. Libre, walang limitasyon, at lubos na secure.",,,blurplate,true
21,https://helpmyimg.com/de/bild-zuschneiden/,Professionelles All-in-One Fotostudio & Toolkit - HelpMyIMG,text/html; charset=utf-8,false,200,0,0,12,,,"Kombinieren, teilen, komprimieren, konvertieren und verarbeiten Sie Fotos direkt in Ihrem Browser. 100 % offline über WebAssembly. Kostenlos, unbegrenzt und äußerst sicher.",,,crop,true
21,https://helpmyimg.com/ja/change-photo-background-to-white/,写真の背景を白に変更 - Amazon & Eコマース対応 - HelpMyIMG,text/html; charset=utf-8,false,200,0,0,31,,,ブラウザ内で写真を直接結合、分割、圧縮、変換、処理できます。 WebAssembly 経由で 100% オフライン。無料、無制限、そして非常に安全です。,,,数秒で真っ白な背景,true
21,https://helpmyimg.com/vi/lam-mo-khuon-mat/,Studio ảnh chuyên nghiệp & Bộ công cụ hàng loạt - HelpMyIMG,text/html; charset=utf-8,false,200,0,0,18,,,"Kết hợp, tách, nén, chuyển đổi và xử lý ảnh trực tiếp trong trình duyệt của bạn. Ngoại tuyến 100% qua WebAssugging. Miễn phí, không giới hạn và có tính bảo mật cao.",,,blurface,true
21,https://helpmyimg.com/cs/vodoznak/,©️ Vodoznak Můj obrázek - HelpMyIMG,text/html; charset=utf-8,false,200,0,0,11,,,"Kombinujte, rozdělujte, komprimujte, převádějte a zpracovávajte fotografie přímo ve vašem prohlížeči.100% offline přes WebAssembly.Zdarma, neomezené a vysoce bezpečné.",,,watermark,true
21,https://helpmyimg.com/no/endre-bakgrunn/,Biometrisk passfoto Bakgrunnsfargeveksler Online - HelpMyIMG,text/html; charset=utf-8,false,200,0,0,11,,,"Kombiner, del, komprimer, konverter og bearbeid bilder direkte i nettleseren din. 100 % offline via WebAssembly. Gratis, ubegrenset og svært sikker.",,,color,true
21,https://helpmyimg.com/it/editor-di-design/,Studio fotografico professionale e kit di strumenti in blocco - HelpMyIMG,text/html; charset=utf-8,false,200,0,0,15,,,"Combina, dividi, comprimi, converti ed elabora le foto direttamente nel tuo browser. 100% offline tramite WebAssembly. Gratuito, illimitato e altamente sicuro.",,,design,true
21,https://helpmyimg.com/no/roter-bilde/,Profesjonelt fotostudio og bulkverktøysett - HelpMyIMG,text/html; charset=utf-8,false,200,0,0,11,,,"Kombiner, del, komprimer, konverter og bearbeid bilder direkte i nettleseren din. 100 % offline via WebAssembly. Gratis, ubegrenset og svært sikker.",,,rotate,true
21,https://helpmyimg.com/th/batch-watermark-photos/,Batch Watermark Photos - ตัวเพิ่มโลโก้จำนวนมาก - HelpMyIMG,text/html; charset=utf-8,false,200,0,0,31,,,รวม แยก บีบอัด แปลง และประมวลผลรูปภาพได้โดยตรงในเบราว์เซอร์ของคุณ ออฟไลน์ 100% ผ่าน WebAssembly ฟรี ไม่จำกัด และมีความปลอดภัยสูง,,,ลายน้ำหลายร้อยภาพในครั้งเดียว,true
21,https://helpmyimg.com/ko/imiji-jareugi/,전문가용 올인원 포토 스튜디오 & 대량 편집기 - HelpMyIMG,text/html; charset=utf-8,false,200,0,0,14,,,"브라우저에서 직접 사진을 결합, 분할, 압축, 변환 및 처리합니다. WebAssembly를 통해 100% 오프라인. 무료이며 무제한이며 매우 안전합니다.",,,crop,true
21,https://helpmyimg.com/zh/watermarkbulk/,批量水印照片 - 批量徽标添加器 - HelpMyIMG,text/html; charset=utf-8,false,200,0,0,8,,,直接在浏览器中组合、分割、压缩、转换和处理照片。通过 WebAssembly 100% 离线。免费、无限制且高度安全。,,,watermarkbulk,true
21,https://helpmyimg.com/tr/yuz-bulaniklastirma/,Profesyonel Fotoğraf Stüdyosu ve Toplu Araç Seti - HelpMyIMG,text/html; charset=utf-8,false,200,0,0,14,,,"Fotoğrafları doğrudan tarayıcınızda birleştirin, bölün, sıkıştırın, dönüştürün ve işleyin. WebAssembly aracılığıyla %100 çevrimdışı. Ücretsiz, sınırsız ve son derece güvenli.",,,blurface,true
21,https://helpmyimg.com/pt/girar-imagem/,Estúdio Fotográfico Profissional Tudo-em-Um - HelpMyIMG,text/html; charset=utf-8,false,200,0,0,10,,,"Combine, divida, compacte, converta e processe fotos diretamente no seu navegador. 100% off-line via WebAssembly. Gratuito, ilimitado e altamente seguro.",,,rotate,true
20,https://helpmyimg.com/th/ra-kha/,ราคา - HelpMyIMG,text/html; charset=utf-8,false,200,0,0,20,,,การประมวลผลภาพระดับองค์กร ฟรีแน่นอน,,,สตูดิโอถ่ายภาพระดับมืออาชีพและชุดเครื่องมือจำนวนมาก,true
20,https://helpmyimg.com/th/priab-thiab/,เปรียบเทียบ - HelpMyIMG,text/html; charset=utf-8,false,200,0,0,20,,,เราสร้างการประมวลผลภาพ AI ใหม่ตั้งแต่ต้นจนจบเพื่อทำงานในพื้นที่ ดูสาเหตุที่ระบบคลาวด์ล้าสมัย,,,สตูดิโอถ่ายภาพระดับมืออาชีพและชุดเครื่องมือจำนวนมาก,true
20,https://helpmyimg.com/ja/hikaku/,比較する - HelpMyIMG,text/html; charset=utf-8,false,200,0,0,7,,,AI 画像処理をローカルで実行できるように一から再構築しました。クラウドが時代遅れになった理由をご覧ください。,,,プロ仕様のオールインワン写真スタジオ,true
20,https://helpmyimg.com/ja/gaiyo/,私たちについて - HelpMyIMG,text/html; charset=utf-8,false,200,0,0,7,,,私たちは、強力な AI が高価なペイウォールやプライバシーを侵害するクラウド サーバーの背後に閉じ込められるべきではないと考えています。 HelpMyIMG は、完全にブラウザ内で実行される、世界最速、100% オフライン、プライバシー最優先の AI 画像エディターです。,,,プロ仕様のオールインワン写真スタジオ,true
20,https://helpmyimg.com/zh/tiaokuan/,服务条款 - HelpMyIMG,text/html; charset=utf-8,false,200,0,0,10,,,欢迎来到 HelpMyIMG。通过访问或使用我们的网站、工具和服务，您同意受这些服务条款的约束。请仔细阅读它们，因为它们管辖您的合法权利和义务。,,,专业级一站式批量图像处理与摄影工作室,true
20,https://helpmyimg.com/ja/yoku-aru-shitsumon/,よくある質問 - HelpMyIMG,text/html; charset=utf-8,false,200,0,0,7,,,プライバシー最優先の AI ツール、制限、形式、およびそれらがブラウザーで直接動作する方法について知っておくべきすべてのこと。,,,プロ仕様のオールインワン写真スタジオ,true
20,https://helpmyimg.com/zh/jiage/,定价 - HelpMyIMG,text/html; charset=utf-8,false,200,0,0,10,,,企业级图像处理，完全免费。,,,专业级一站式批量图像处理与摄影工作室,true
20,https://helpmyimg.com/ja/kakaku/,価格設定 - HelpMyIMG,text/html; charset=utf-8,false,200,0,0,7,,,エンタープライズグレードの画像処理を完全無料で。,,,プロ仕様のオールインワン写真スタジオ,true
20,https://helpmyimg.com/th/ngeuan-khai/,ข้อกำหนดในการให้บริการ - HelpMyIMG,text/html; charset=utf-8,false,200,0,0,20,,,ยินดีต้อนรับสู่ HelpMyIMG การเข้าถึงหรือใช้เว็บไซต์ เครื่องมือ และบริการของเรา แสดงว่าคุณตกลงที่จะผูกพันตามข้อกำหนดในการให้บริการเหล่านี้ โปรดอ่านอย่างละเอียดเนื่องจากสิ่งเหล่านั้นควบคุมสิทธิ์และภาระผูกพันตามกฎหมายของคุณ,,,สตูดิโอถ่ายภาพระดับมืออาชีพและชุดเครื่องมือจำนวนมาก,true
20,https://helpmyimg.com/th/khwam-pen-suan-tua/,นโยบายความเป็นส่วนตัว - HelpMyIMG,text/html; charset=utf-8,false,200,0,0,20,,,ที่ HelpMyIMG เราถือว่าความเป็นส่วนตัวเป็นสิทธิมนุษยชนขั้นพื้นฐาน นโยบายความเป็นส่วนตัวนี้มีความสั้นเป็นพิเศษเกี่ยวกับการรวบรวมข้อมูลเนื่องจากเราจงใจรวบรวมแทบจะไม่มีอะไรเลย ด้านล่างนี้คือรายละเอียดว่าสถาปัตยกรรมของเราปกป้องคุณได้อย่างไร,,,สตูดิโอถ่ายภาพระดับมืออาชีพและชุดเครื่องมือจำนวนมาก,true
20,https://helpmyimg.com/th/khwam-plod-phai/,ความปลอดภัยและความน่าเชื่อถือ - HelpMyIMG,text/html; charset=utf-8,false,200,0,0,20,,,สัมผัสประสบการณ์การแก้ไขภาพ AI ส่วนตัว 100% ที่ขับเคลื่อนโดย WebAssembly ในพื้นที่ เราไม่สามารถดู จัดเก็บ หรือขายรูปภาพของคุณได้ เนื่องจากรูปภาพเหล่านั้นไม่สามารถเข้าถึงเซิร์ฟเวอร์ของเราได้,,,สตูดิโอถ่ายภาพระดับมืออาชีพและชุดเครื่องมือจำนวนมาก,true
20,https://helpmyimg.com/th/kham-tham-thi-phob-boi/,คำถามที่พบบ่อย - HelpMyIMG,text/html; charset=utf-8,false,200,0,0,20,,,ทุกสิ่งที่คุณจำเป็นต้องรู้เกี่ยวกับเครื่องมือ AI ที่เน้นความเป็นส่วนตัวเป็นหลัก ขีดจำกัด รูปแบบ และวิธีการทำงานโดยตรงในเบราว์เซอร์ของคุณ,,,สตูดิโอถ่ายภาพระดับมืออาชีพและชุดเครื่องมือจำนวนมาก,true
20,https://helpmyimg.com/fi/vertailla/,Vertaa - HelpMyIMG,text/html; charset=utf-8,false,200,0,0,48,,,"Rakensimme tekoälyn kuvankäsittelyn alusta alkaen toimimaan paikallisesti. Katso, miksi pilvi on vanhentunut.",,,Ammattimainen valokuvastudio ja joukkotyökalupakki,true
20,https://helpmyimg.com/zh/yuyan/,支持的语言 - HelpMyIMG,text/html; charset=utf-8,false,200,0,0,10,,,我们相信强大的人工智能应该为世界各地的每个人提供便利。这就是 HelpMyIMG 原生本地化为 30 种不同语言的原因。,,,专业级一站式批量图像处理与摄影工作室,true
20,https://helpmyimg.com/ja/riyo-kiyaku/,利用規約 - HelpMyIMG,text/html; charset=utf-8,false,200,0,0,7,,,HelpMyIMG へようこそ。当社の Web サイト、ツール、サービスにアクセスまたは使用すると、これらの利用規約に拘束されることに同意したものとみなされます。これらはあなたの法的権利と義務を規定するものであるため、注意深くお読みください。,,,プロ仕様のオールインワン写真スタジオ,true
20,https://helpmyimg.com/zh/changjian-wenti/,常问问题 - HelpMyIMG,text/html; charset=utf-8,false,200,0,0,10,,,您需要了解的有关我们隐私优先的人工智能工具、限制、格式以及它们如何直接在您的浏览器中工作的所有信息。,,,专业级一站式批量图像处理与摄影工作室,true
20,https://helpmyimg.com/zh/anquan/,安全与信任 - HelpMyIMG,text/html; charset=utf-8,false,200,0,0,10,,,体验由本地 WebAssembly 提供支持的 100% 私密 AI 图像编辑。我们无法查看、存储或出售您的照片，因为它们永远不会到达我们的服务器。,,,专业级一站式批量图像处理与摄影工作室,true
20,https://helpmyimg.com/zh/guanyu/,关于我们 - HelpMyIMG,text/html; charset=utf-8,false,200,0,0,10,,,我们认为强大的人工智能不应该被锁定在昂贵的付费墙或侵犯隐私的云服务器后面。 HelpMyIMG 是世界上最快、100% 离线、隐私第一的 AI 图像编辑器，完全在浏览器内运行。,,,专业级一站式批量图像处理与摄影工作室,true
20,https://helpmyimg.com/ja/puraibashi/,プライバシーポリシー - HelpMyIMG,text/html; charset=utf-8,false,200,0,0,7,,,HelpMyIMG では、プライバシーは基本的人権であると考えています。当社は意図的にほとんど何も収集しないため、このプライバシー ポリシーはデータ収集に関して他に類を見ないほど簡潔にまとめられています。以下は、私たちのアーキテクチャがどのようにユーザーを保護するかについての詳細な内訳です​​。,,,プロ仕様のオールインワン写真スタジオ,true
20,https://helpmyimg.com/fi/usein-kysytyt-kysymykset/,FAQ - HelpMyIMG,text/html; charset=utf-8,false,200,0,0,48,,,"Kaikki mitä sinun tulee tietää yksityisyydensuojan kannalta tärkeistä tekoälytyökaluistamme, rajoituksista, muodoista ja siitä, miten ne toimivat suoraan selaimessasi.",,,Ammattimainen valokuvastudio ja joukkotyökalupakki,true
20,https://helpmyimg.com/fi/tietosuoja/,Tietosuojakäytäntö - HelpMyIMG,text/html; charset=utf-8,false,200,0,0,48,,,"HelpMyIMG:ssä pidämme yksityisyyttä perusihmisoikeutena. Tämä tietosuojakäytäntö on ainutlaatuisen lyhyt tiedonkeruun suhteen, koska emme tarkoituksella kerää juuri mitään. Alla on yksityiskohtainen erittely siitä, kuinka arkkitehtuurimme suojaa sinua.",,,Ammattimainen valokuvastudio ja joukkotyökalupakki,true
20,https://helpmyimg.com/fi/kayttoehdot/,Palveluehdot - HelpMyIMG,text/html; charset=utf-8,false,200,0,0,48,,,"Tervetuloa HelpMyIMG:hen. Avaamalla tai käyttämällä verkkosivustoamme, työkalujamme ja palveluitamme sitoudut noudattamaan näitä palveluehtoja. Lue ne huolellisesti, sillä ne säätelevät laillisia oikeuksiasi ja velvollisuuksiasi.",,,Ammattimainen valokuvastudio ja joukkotyökalupakki,true
20,https://helpmyimg.com/fi/kielet/,Tuetut kielet - HelpMyIMG,text/html; charset=utf-8,false,200,0,0,49,,,"Uskomme, että tehokkaan tekoälyn pitäisi olla kaikkien saatavilla kaikkialla. Tästä syystä HelpMyIMG on lokalisoitu natiivisti 30 eri kielelle.",,,Ammattimainen valokuvastudio ja joukkotyökalupakki,true
20,https://helpmyimg.com/th/pha-sa/,ภาษาที่รองรับ - HelpMyIMG,text/html; charset=utf-8,false,200,0,0,20,,,เราเชื่อว่า AI อันทรงพลังควรสามารถเข้าถึงได้สำหรับทุกคนจากทุกที่ นั่นคือเหตุผลที่ HelpMyIMG ได้รับการแปลเป็นภาษาต่างๆ ถึง 30 ภาษา,,,สตูดิโอถ่ายภาพระดับมืออาชีพและชุดเครื่องมือจำนวนมาก,true
20,https://helpmyimg.com/ja/gengo/,サポートされている言語 - HelpMyIMG,text/html; charset=utf-8,false,200,0,0,7,,,私たちは、強力な AI がどこにいても誰でもアクセスできるべきだと信じています。そのため、HelpMyIMG は 30 の異なる言語にネイティブでローカライズされています。,,,プロ仕様のオールインワン写真スタジオ,true
20,https://helpmyimg.com/zh/yinsi/,隐私政策 - HelpMyIMG,text/html; charset=utf-8,false,200,0,0,10,,,在 HelpMyIMG，我们认为隐私是一项基本人权。本隐私政策在数据收集方面非常简短，因为我们几乎不故意收集任何信息。以下是我们的架构如何保护您的详细说明。,,,专业级一站式批量图像处理与摄影工作室,true
20,https://helpmyimg.com/fi/hinnat/,Hinnoittelu - HelpMyIMG,text/html; charset=utf-8,false,200,0,0,48,,,"Yritystason kuvankäsittely, täysin ilmainen.",,,Ammattimainen valokuvastudio ja joukkotyökalupakki,true
20,https://helpmyimg.com/fi/tietoa-meista/,Tietoja meistä - HelpMyIMG,text/html; charset=utf-8,false,200,0,0,49,,,"Uskomme, että tehokasta tekoälyä ei pidä lukita kalliiden maksumuurin tai yksityisyyttä loukkaavien pilvipalvelimien taakse. HelpMyIMG on maailman nopein, 100 % offline-tilassa, yksityisyyden ensisijainen tekoälykuvankäsittelyohjelma, joka toimii kokonaan selaimesi sisällä.",,,Ammattimainen valokuvastudio ja joukkotyökalupakki,true
20,https://helpmyimg.com/zh/bijiao/,比较 - HelpMyIMG,text/html; charset=utf-8,false,200,0,0,10,,,我们从头开始重建人工智能图像处理以在本地运行。了解云为何已过时。,,,专业级一站式批量图像处理与摄影工作室,true
20,https://helpmyimg.com/th/kieow-kab-rao/,เกี่ยวกับเรา - HelpMyIMG,text/html; charset=utf-8,false,200,0,0,20,,,เราเชื่อว่า AI อันทรงพลังไม่ควรถูกล็อกอยู่เบื้องหลังเพย์วอลล์ราคาแพงหรือเซิร์ฟเวอร์คลาวด์ที่รุกล้ำความเป็นส่วนตัว HelpMyIMG เป็นโปรแกรมแก้ไขรูปภาพ AI ออฟไลน์ 100% ที่เร็วที่สุดในโลกและเน้นความเป็นส่วนตัวซึ่งทำงานภายในเบราว์เซอร์ของคุณทั้งหมด,,,สตูดิโอถ่ายภาพระดับมืออาชีพและชุดเครื่องมือจำนวนมาก,true
20,https://helpmyimg.com/ja/sekyuriti/,セキュリティと信頼 - HelpMyIMG,text/html; charset=utf-8,false,200,0,0,7,,,ローカル WebAssembly を利用した 100% プライベート AI 画像編集を体験してください。写真は当社のサーバーに到達しないため、閲覧、保存、販売することはできません。,,,プロ仕様のオールインワン写真スタジオ,true
